Price,ProductName,PrimaryMaterial,MaterialGrade,Straptype,HandMade,Customisation,BuckleMaterial,BuckleType,Stitching Style,SellerType,
140,Badalassi Wax Watch Rally Strap - Tan Brown - RTW,Badalassi Wax,2,Rally,1,0,brushed stainless,Traditional,Standard ,3,
130,Badalassi Wax Watch Strap - Tan Brown - RTW,Badalassi Wax,2,Traditional,1,0,brushed stainless,Traditional,Standard ,3,
130,Badalassi Wax Minimal Stitch Strap - Tan Brown - RTW,Badalassi Wax,2,Traditional,1,0,brushed stainless,Traditional,Minimal Stitching,3,
136,Embossed Crocodile Watch Strap - Black - RTW,Embossed Calfskin,1,Traditional,1,0,brushed stainless,Traditional,Standard ,3,
136,Embossed Crocodile Watch Strap - Brown - RTW,Embossed Calfskin,1,Traditional,1,0,brushed stainless,Traditional,Standard ,3,
115,Epsom Calfskin Strap - Black - RTW,Epsom Calfskin,1,Traditional,1,0,brushed stainless,Traditional,Standard ,3,
115,Epsom Calfskin Strap - Taupe - RTW,Epsom Calfskin,1,Traditional,1,0,brushed stainless,Traditional,Standard ,3,
115,Epsom Calfskin Strap - Navy Blue - RTW,Epsom Calfskin,1,Traditional,1,0,brushed stainless,Traditional,Standard ,3,
115,Epsom Calfskin Strap - Chai - RTW,Epsom Calfskin,1,Traditional,1,0,brushed stainless,Traditional,Standard ,3,
136,Vintage Style Pig Skin Watch Strap - Black Slimline - RTW,Embossed Calfskin,1,Vintage,1,0,brushed stainless,Traditional,Minimal Stitching,3,
136,Vintage Style Pig Skin Watch Strap - Navy Slimline - RTW,Embossed Calfskin,1,Vintage,1,0,brushed stainless,Traditional,Minimal Stitching,3,
136,Vintage Style Pig Skin Watch Strap - Brown Slimline - RTW,Embossed Calfskin,1,Vintage,1,0,brushed stainless,Traditional,Minimal Stitching,3,
136,Vintage Style Pig Skin Watch Strap - Beige Slimline - RTW,Embossed Calfskin,1,Vintage,1,0,brushed stainless,Traditional,Minimal Stitching,3,
120,Slimline Saffiano Chevre Strap - Taupe - RTW,Chevre,2,Traditional,1,0,brushed stainless,Traditional,Standard ,3,
145,Ostrich Shin Watch Strap - Black - RTW,Ostrich Skin,3,Traditional,1,0,brushed stainless,Traditional,Standard ,3,
130,Alcantara Watch Strap - Olive Green - RTW,Alcantara,2,Traditional,1,0,brushed stainless,Traditional,Standard ,3,
135,Horween Chromexcel Strap Minimal Stitch - Black - RTW,Horween Chromexcel,2,Traditional,1,0,brushed stainless,Traditional,Minimal Stitching,3,
135,The Classics - 'Lux' (RTW),Leather,1,Traditional,1,0,brushed stainless,Traditional,Standard ,3,
135,Italia Calf Watch Strap - Red Brown - RTW,Italian Calf,1,Traditional,1,0,brushed stainless,Traditional,Standard ,3,
130,Art Wax Watch Strap - Grigio - RTW,Art Wax leather,2,Traditional,1,0,brushed stainless,Traditional,Standard ,3,
130,Premium Canvas - Desert - RTW,Premium Canvas,2,Traditional,1,0,brushed stainless,Traditional,Standard ,3,
135,Museum Buttero Watch Strap - Brown - RTW,Buttero leather ,2,Traditional,1,0,brushed stainless,Traditional,Standard ,3,
149,French Calfskin Rally Strap - Black - RTW,French Calfskin,1,Rally,1,0,brushed stainless,Traditional,Standard ,3,
120,Saffiano Carbon Weave Strap - Black - RTW,Saffiano Leather,2,Traditional,1,0,brushed stainless,Traditional,Standard ,3,
130,Pueblo Rally Watch Strap - Black & Red - RTW,Badalassi  Leather,2,Rally,1,0,brushed stainless,Traditional,Standard ,3,
130,Pueblo Watch Strap W/Cream stitching - Cognac - RTW,Badalassi  Leather,2,Traditional,1,0,brushed stainless,Traditional,Standard ,3,
135,Badalassi Wax Watch Strap - Tan Brown,Badalassi Wax,2,Traditional,1,1,brushed stainless,Traditional,Standard ,3,
135,Badalassi Wax Minimal Stitch Strap - Tan Brown,Badalassi Wax,2,Traditional,1,1,brushed stainless,Traditional,Minimal Stitching,3,
140,Chromexcel Vintage Strap Minimal Stitch - Natural Tan,Horween Chromexcel,2,Vintage,1,1,brushed stainless,Traditional,Minimal Stitching,3,
145,Badalassi Wax Rally Strap - Tan Brown,Badalassi Wax,2,Rally,1,1,brushed stainless,Traditional,Standard ,3,
140,Chromexcel Calfskin Watch Strap - Natural Tan,Horween Chromexcel,2,Traditional,1,1,brushed stainless,Traditional,Standard ,3,
120,Epsom Calfskin Watch Strap - Black,Epsom Calfskin,1,Traditional,1,1,brushed stainless,Traditional,Standard ,3,
153,French Calfskin Rally Watch Strap - Black,French Calfskin,1,Rally,1,1,brushed stainless,Traditional,Standard ,3,
185,Shell Cordovan Watch Strap - Oxblood,Shell Cordovan,2,Traditional,1,1,brushed stainless,Traditional,Standard ,3,
140,Buttero Classic Padded Calfskin Strap - Black W/Cream stitching,Buttero leather,2,Traditional,1,1,brushed stainless,Traditional,Standard ,3,
150,Swift IWC Watch Strap - Black,Swift leather,2,Traditional,1,1,brushed stainless,Traditional,Standard ,3,
150,Pueblo Calfskin Strap - Black & Red Rally Strap,Badalassi  Leather,2,Rally,1,1,brushed stainless,Traditional,Standard ,3,
120,Epsom Calfskin Watch Strap - Tan,Epsom Calfskin,1,Traditional,1,1,brushed stainless,Traditional,Standard ,3,
145,Pueblo Vintage Strap Minimal Stitch - Black,Badalassi  Leather,2,Vintage,1,1,brushed stainless,Traditional,Minimal Stitching,3,
170,Badalassi Bund Watch Strap - Tan Brown W/Cream stitching,Badalassi Wax,2,Bund,1,1,brushed stainless,Traditional,Standard ,3,
135,Epsom Calfskin Watch Strap - Seagull Grey Rally With R&N Contrast Keepers,Epsom Calfskin,1,Rally,1,1,brushed stainless,Traditional,Standard ,3,
145,Cordovan Vintage Strap Minimal Stitch - Black,Shell Cordovan,2,Vintage,1,1,brushed stainless,Traditional,Minimal Stitching,3,
135,Barenia Calfskin Watch Strap - Mid Brown,Barenia Leather,2,Traditional,1,1,brushed stainless,Traditional,Standard ,3,
165,Pueblo Leather Bund Watch Strap - Stealth Black,Badalassi  Leather,2,Bund,1,1,brushed stainless,Traditional,Standard ,3,
145,Pueblo Calfskin Watch Strap - Grey,Badalassi  Leather,2,Traditional,1,1,brushed stainless,Traditional,Standard ,3,
150,Wickett & Craig Strap - Navy Blue,Wickett & Craig Leather,2,Traditional,1,1,brushed stainless,Traditional,Standard ,3,
135,Pitted Vintage Calfskin - Tan Brown,Pitted Calfskin,1,Vintage,1,1,brushed stainless,Traditional,Minimal Stitching,3,
120,Saffiano Calfskin Watch Strap - Forest Green,Saffiano Leather,2,Traditional,1,1,brushed stainless,Traditional,Standard ,3,
167,French Calfskin Leather Bund Watch Strap - Chesnut Brown,French Calfskin,1,Bund,1,1,brushed stainless,Traditional,Standard ,3,
150,Canvas & Leather Strap - Black + Chesnut Brown,Canvas & Leather,2,Traditional,1,1,brushed stainless,Traditional,Standard ,3,
155,Chromexcel IWC Stud Watch Strap - Natural Tan,Horween Chromexcel,2,Traditional,1,1,brushed stainless,Traditional,Standard ,3,
145,Wax Flat Calfskin Strap - Brown W/Minimal Cream stitching,Calfskin,1,Traditional,1,1,brushed stainless,Traditional,Minimal Stitching,3,
145,LTD Run - Army Green Nubuck - The Camper,Nubuck Leather ,2,Traditional,1,1,brushed stainless,Traditional,Standard ,3,
153,French Calfskin IWC Rally Style Strap - Navy Blue w/red stitching,French Calfskin,1,Rally,1,1,brushed stainless,Traditional,Standard ,3,
150,Wax Panerai Calfskin Strap - Brown W/Cream stitching,Panerai Calfskin,1,Traditional,1,1,brushed stainless,Traditional,Standard ,3,
145,Badalassi Wax Retro Rally Strap - Dark Brown,Badalassi Wax,2,Rally,1,1,brushed stainless,Traditional,Standard ,3,
135,Badalassi Wax Strap - Black Padded W/Matching stitching,Badalassi Wax,2,Traditional,1,1,brushed stainless,Traditional,Standard ,3,
135,Pebbled Strap - Navy Blue - Rally Trio W/White stitching,Walpier Dollaro Pebble Grain leather,2,Rally,1,1,brushed stainless,Traditional,Standard ,3,
155,Chromexcel IWC Watch Strap - Chocolate W/Hazelnut Stitch,Horween Chromexcel,2,Traditional,1,1,brushed stainless,Traditional,Standard ,3,
155,Chromexcel IWC Twin Rivet Watch Strap - Chocolate W/Hazelnut Stitch,Horween Chromexcel,2,Rivet,1,1,brushed stainless,Traditional,Standard ,3,
140,Chromexcel Calfskin Watch Strap - Chocolate Brown,Horween Chromexcel,2,Traditional,1,1,brushed stainless,Traditional,Standard ,3,
140,Chromexcel Vintage Strap Minimal Stitch - Chocolate Brown,Horween Chromexcel,2,Vintage,1,1,brushed stainless,Traditional,Minimal Stitching,3,
147,Kudu Leather - Cognac,Kudu Leather,2,Traditional,1,1,brushed stainless,Traditional,Standard ,3,
145,Swift Leather Watch Strap - Light Grey & Orange,Swift Leather,2,Traditional,1,1,brushed stainless,Traditional,Standard ,3,
153,French Calfskin Strap Vintage Sport - Honey Tan,French Calfskin,1,Vintage,1,1,brushed stainless,Traditional,Standard ,3,
150,Badalassi Wax Speedy Ridge Strap - Golden Tan,Badalassi Wax,2,Ridge,1,1,brushed stainless,Traditional,Standard ,3,
135,Pebbled Strap - Navy Blue - Orange Lug stitches & Edges,Walpier Dollaro Pebble Grain leather,2,Traditional,1,1,brushed stainless,Traditional,Standard ,3,
155,Chromexcel IWC Twin Rivet Watch Strap - Natural Tan,Horween Chromexcel,2,Rivet,1,1,brushed stainless,Traditional,Standard ,3,
153,French Calfskin IWC Style Strap - Black with contrast stitching,French Calfskin,1,Traditional,1,1,brushed stainless,Traditional,Standard ,3,
135,Epsom Calfskin Speedy Ridge Strap - Baby Blue,Epsom Calfskin,1,Ridge,1,1,brushed stainless,Traditional,Standard ,3,
130,Nubuck Leather Watch Strap - Sky Blue,Nubuck Leather ,2,Traditional,1,1,brushed stainless,Traditional,Standard ,3,
130,Stitched Suede Rally Strap - Black,Suede,2,Rally,1,1,brushed stainless,Traditional,Standard ,3,
130,Padded Suede Leather Watch Strap - Denim Blue,Suede,2,Traditional,1,1,brushed stainless,Traditional,Standard ,3,
130,Premium Suede Strap - Black,Suede,2,Traditional,1,1,brushed stainless,Traditional,Standard ,3,
130,Premium Stitched Suede Strap - Light Taupe,Suede,2,Traditional,1,1,brushed stainless,Traditional,Standard ,3,
135,Vintage Pig Skin Strap - Black,Pig Skin,1,Vintage,1,1,brushed stainless,Traditional,Minimal Stitching,3,
135,Vintage Pig Skin Rally Strap - Black,Pig skin,1,Rally,1,1,brushed stainless,Traditional,Standard ,3,
147,Omega-Style Deployant Strap – Navy Blue Pueblo Rally,Badalassi  Leather,2,Rally,1,1,brushed stainless,Traditional,Standard ,3,
147,Omega-Style Deployant Badalassi Wax Strap -Tan Brown W/Cream Stitchin,Badalassi Wax,2,Traditional,1,1,brushed stainless,Traditional,Standard ,3,
147,Omega-Style Deployant Ostrich Shin Strap – Cognac,Ostrich skin,3,Traditional,1,1,brushed stainless,Traditional,Standard ,3,
147,Omega-Style Deployant Horween Calfskin Strap – Natural Tan W/Cream Stitching,HorwHorween Chromexcel,2,Traditional,1,1,brushed stainless,Traditional,Standard ,3,
85,Omega-Style Deployant Sailcloth Watch Strap - Grey,Deployant Sailcloth,2,Traditional,1,1,brushed stainless,Traditional,Standard ,3,
147,Omega-Style Deployant Strap – Black Pueblo Rally,Badalassi  Leather,2,Traditional,1,1,brushed stainless,Traditional,Standard ,3,
135,Embossed Python Watch Strap - Natural,Embossed Python,1,Traditional,1,1,brushed stainless,Traditional,Standard ,3,
140,Light Grained Goatskin Strap - Burgundy,Goat Skin,2,Traditional,1,1,brushed stainless,Traditional,Standard ,3,
140,Alran Goatskin Vintage Strap Minimal Stitch - Black,Goat Skin,2,Vintage,1,1,brushed stainless,Traditional,Minimal Stitching,3,
150,Alran Chevre Goatskin IWC Pilot Style Strap - Black,Chevre,2,Pilot,1,1,brushed stainless,Traditional,Standard ,3,
55,FKM Rubber Strap - Black,Rubber,2,Traditional,1,1,Steel,Traditional,Standard ,3,
85,Sailcloth Watch Strap - Black,Salicloth,1,Traditional,1,1,brushed stainless,Traditional,Standard ,3,
80,Pilot Style Rubber Straps,Rubber,2,Pilot,1,1,brushed stainless,Traditional,Standard ,3,
150,Ostrich Shin Watch Strap - Minimal Stitch,Ostrich skin,3,Traditional,1,1,brushed stainless,Traditional,Minimal Stitching,3,
145,Cordovan Vintage Strap Minimal Stitch - Black,Shell Cordovan,2,Vintage,1,1,brushed stainless,Traditional,Minimal Stitching,3,
135,Canvas Watch Strap - Khaki,Canvas,2,Traditional,1,1,brushed stainless,Traditional,Standard ,3,
91,Custom Notched Straps - Corner Notched,Epsom Calfskin,2,Notched,1,1,brushed stainless,Traditional,Standard ,3,
91,Custom Notched Straps - Corner Notched,Minerva Box,2,Notched,1,1,brushed stainless,Traditional,Standard ,3,
107,Custom Notched Straps - Corner Notched,Lizard,3,Notched,1,1,brushed stainless,Traditional,Standard ,3,
107,Custom Notched Straps - Corner Notched,Shark Skin,3,Notched,1,1,brushed stainless,Traditional,Standard ,3,
123,Custom Notched Straps - Corner Notched,Crocodile,3,Notched,1,1,brushed stainless,Traditional,Standard ,3,
99,Custom Notched Straps - Corner Notched,Barenia,2,Notched,1,1,brushed stainless,Traditional,Standard ,3,
91,Custom Notched Straps - Corner Notched,Butterro,2,Notched,1,1,brushed stainless,Traditional,Standard ,3,
91,Custom Notched Straps - Corner Notched,Alran,2,Notched,1,1,brushed stainless,Traditional,Standard ,3,
91,Custom Notched Straps - Corner Notched,Swift,2,Notched,1,1,brushed stainless,Traditional,Standard ,3,
91,Custom Notched Straps - Center Notched,Epsom Calfskin,2,Notched,1,1,brushed stainless,Traditional,Standard ,3,
91,Custom Notched Straps - Center Notched,Minervera Box,2,Notched,1,1,brushed stainless,Traditional,Standard ,3,
107,Custom Notched Straps - Center Notched,Lizard,3,Notched,1,1,brushed stainless,Traditional,Standard ,3,
107,Custom Notched Straps - Center Notched,Shark Skin,3,Notched,1,1,brushed stainless,Traditional,Standard ,3,
123,Custom Notched Straps - Center Notched,Crocodile,3,Notched,1,1,brushed stainless,Traditional,Standard ,3,
99,Custom Notched Straps - Center Notched,Barenia,2,Notched,1,1,brushed stainless,Traditional,Standard ,3,
91,Custom Notched Straps - Center Notched,Butterro,2,Notched,1,1,brushed stainless,Traditional,Standard ,3,
91,Custom Notched Straps - Center Notched,Alran,2,Notched,1,1,brushed stainless,Traditional,Standard ,3,
91,Custom Notched Straps - Center Notched,Swift,2,Notched,1,1,brushed stainless,Traditional,Standard ,3,
91,Custom Curved End Watch Straps,Epsom Calfskin,2,Curved End,1,1,brushed stainless,Traditional,Standard ,3,
91,Custom Curved End Watch Straps,Minerva Box,2,Curved End,1,1,brushed stainless,Traditional,Standard ,3,
107,Custom Curved End Watch Straps,Lizard,3,Curved End,1,1,brushed stainless,Traditional,Standard ,3,
107,Custom Curved End Watch Straps,Shark Skin,3,Curved End,1,1,brushed stainless,Traditional,Standard ,3,
123,Custom Curved End Watch Straps,Crocodile,3,Curved End,1,1,brushed stainless,Traditional,Standard ,3,
99,Custom Curved End Watch Straps,Barenia,2,Curved End,1,1,brushed stainless,Traditional,Standard ,3,
91,Custom Curved End Watch Straps,Butterro,2,Curved End,1,1,brushed stainless,Traditional,Standard ,3,
91,Custom Curved End Watch Straps,Alran,2,Curved End,1,1,brushed stainless,Traditional,Standard ,3,
91,Custom Curved End Watch Straps,Swift,2,Curved End,1,1,brushed stainless,Traditional,Standard ,3,
99,Custom Curved End Watch Straps,Epsom Calfskin,2,Curved End,1,1,brushed stainless,Deployant,Standard ,3,
99,Custom Curved End Watch Straps,Minerva Box,2,Curved End,1,1,brushed stainless,Deployant,Standard ,3,
115,Custom Curved End Watch Straps,Lizard,3,Curved End,1,1,brushed stainless,Deployant,Standard ,3,
115,Custom Curved End Watch Straps,Shark Skin,3,Curved End,1,1,brushed stainless,Deployant,Standard ,3,
131,Custom Curved End Watch Straps,Crocodile,3,Curved End,1,1,brushed stainless,Deployant,Standard ,3,
107,Custom Curved End Watch Straps,Barenia,2,Curved End,1,1,brushed stainless,Deployant,Standard ,3,
99,Custom Curved End Watch Straps,Butterro,2,Curved End,1,1,brushed stainless,Deployant,Standard ,3,
99,Custom Curved End Watch Straps,Alran,2,Curved End,1,1,brushed stainless,Deployant,Standard ,3,
99,Custom Curved End Watch Straps,Swift,2,Curved End,1,1,brushed stainless,Deployant,Standard ,3,
76,Custom Open Ended Straps,Epsom Calfskin,2,Open Ended,1,1,brushed stainless,Traditional,Standard ,3,
76,Custom Open Ended Straps,Minerva Box,2,Open Ended,1,1,brushed stainless,Traditional,Standard ,3,
92,Custom Open Ended Straps,Lizard,3,Open Ended,1,1,brushed stainless,Traditional,Standard ,3,
92,Custom Open Ended Straps,Shark Skin,3,Open Ended,1,1,brushed stainless,Traditional,Standard ,3,
108,Custom Open Ended Straps,Crocodile,3,Open Ended,1,1,brushed stainless,Traditional,Standard ,3,
84,Custom Open Ended Straps,Barenia,2,Open Ended,1,1,brushed stainless,Traditional,Standard ,3,
76,Custom Open Ended Straps,Butterro,2,Open Ended,1,1,brushed stainless,Traditional,Standard ,3,
76,Custom Open Ended Straps,Alran,2,Open Ended,1,1,brushed stainless,Traditional,Standard ,3,
76,Custom Open Ended Straps,Swift,2,Open Ended,1,1,brushed stainless,Traditional,Standard ,3,
84,Custom Open Ended Straps,Epsom Calfskin,2,Open Ended,1,1,brushed stainless,Deployant,Standard ,3,
84,Custom Open Ended Straps,Minerva Box,2,Open Ended,1,1,brushed stainless,Deployant,Standard ,3,
100,Custom Open Ended Straps,Lizard,3,Open Ended,1,1,brushed stainless,Deployant,Standard ,3,
100,Custom Open Ended Straps,Shark Skin,3,Open Ended,1,1,brushed stainless,Deployant,Standard ,3,
116,Custom Open Ended Straps,Crocodile,3,Open Ended,1,1,brushed stainless,Deployant,Standard ,3,
92,Custom Open Ended Straps,Barenia,2,Open Ended,1,1,brushed stainless,Deployant,Standard ,3,
84,Custom Open Ended Straps,Butterro,2,Open Ended,1,1,brushed stainless,Deployant,Standard ,3,
84,Custom Open Ended Straps,Alran,2,Open Ended,1,1,brushed stainless,Deployant,Standard ,3,
84,Custom Open Ended Straps,Swift,2,Open Ended,1,1,brushed stainless,Deployant,Standard ,3,
90,Crocodile Leather Watch Strap - Black,Crocodile,3,Traditional,1,1,brushed stainless,Traditional,Standard ,3,
98,Crocodile Leather Watch Strap - Black,Crocodile,3,Traditional,1,1,brushed stainless,Traditional,Double Side Stitching,3,
130,Crocodile Leather Watch Strap - Black,Crocodile,3,Pilot,1,1,brushed stainless,Traditional,Standard ,3,
130,Crocodile Leather Watch Strap - Black,Crocodile,3,Bund,1,1,brushed stainless,Traditional,Standard ,3,
106,Crocodile Leather Watch Strap - Black,Crocodile,3,Rally,1,1,brushed stainless,Traditional,Standard ,3,
130,Crocodile Leather Watch Strap - Black,Crocodile,3,Double tour,1,1,brushed stainless,Traditional,Standard ,3,
98,Crocodile Leather Watch Strap - Black,Crocodile,3,Traditional,1,1,brushed stainless,Deployant,Standard ,3,
83,Shark Skin Watch Strap - Black,Shark Skin,3,Traditional,1,1,brushed stainless,Traditional,Standard ,3,
91,Shark Skin Watch Strap - Black,Shark Skin,3,Traditional,1,1,brushed stainless,Traditional,Double Side Stitching,3,
115,Shark Skin Watch Strap - Black,Shark Skin,3,Pilot,1,1,brushed stainless,Traditional,Standard ,3,
115,Shark Skin Watch Strap - Black,Shark Skin,3,Bund,1,1,brushed stainless,Traditional,Standard ,3,
91,Shark Skin Watch Strap - Black,Shark Skin,3,Rally,1,1,brushed stainless,Traditional,Standard ,3,
115,Shark Skin Watch Strap - Black,Shark Skin,3,Double tour,1,1,brushed stainless,Traditional,Standard ,3,
91,Shark Skin Watch Strap - Black,Shark Skin,3,Traditional,1,1,brushed stainless,Deployant,Standard ,3,
91,Stingray Leather Watch Strap - Black,Stingray,3,Traditional,1,1,brushed stainless,Traditional,Standard ,3,
123,Stingray Leather Watch Strap - Black,Stingray,3,Pilot,1,1,brushed stainless,Traditional,Standard ,3,
123,Stingray Leather Watch Strap - Black,Stingray,3,Bund,1,1,brushed stainless,Traditional,Standard ,3,
99,Stingray Leather Watch Strap - Black,Stingray,3,Rally,1,1,brushed stainless,Traditional,Standard ,3,
123,Stingray Leather Watch Strap - Black,Stingray,3,Double tour,1,1,brushed stainless,Traditional,Standard ,3,
99,Stingray Leather Watch Strap - Black,Stringray,2,Traditional,1,1,brushed stainless,Deployant,Standard ,3,
68,Badalassi Wax Leather Watch Strap - Cognac,Badalassi Wax,2,Traditional,1,1,brushed stainless,Traditional,Standard ,3,
76,Badalassi Wax Leather Watch Strap - Cognac,Badalassi Wax,2,Traditional,1,1,brushed stainless,Traditional,Double Side Stitching,3,
100,Badalassi Wax Leather Watch Strap - Cognac,Badalassi Wax,2,Pilot,1,1,brushed stainless,Traditional,Standard ,3,
100,Badalassi Wax Leather Watch Strap - Cognac,Badalassi Wax,2,Bund,1,1,brushed stainless,Traditional,Standard ,3,
76,Badalassi Wax Leather Watch Strap - Cognac,Badalassi Wax,2,Rally,1,1,brushed stainless,Traditional,Standard ,3,
100,Badalassi Wax Leather Watch Strap - Cognac,Badalassi Wax,2,Double tour,1,1,brushed stainless,Traditional,Standard ,3,
76,Badalassi Wax Leather Watch Strap - Cognac,Badalassi Wax,2,Traditional,1,1,brushed stainless,Deployant,Standard ,3,
76,Alran Goat Leather Watch Strap - Black,Goat Leather,2,Traditional,1,1,brushed stainless,Traditional,Standard ,3,
84,Alran Goat Leather Watch Strap - Black,Goat Leather,2,Traditional,1,1,brushed stainless,Traditional,Double Side Stitching,3,
108,Alran Goat Leather Watch Strap - Black,Goat Leather,2,Pilot,1,1,brushed stainless,Traditional,Standard ,3,
108,Alran Goat Leather Watch Strap - Black,Goat Leather,2,Bund,1,1,brushed stainless,Traditional,Standard ,3,
84,Alran Goat Leather Watch Strap - Black,Goat Leather,2,Rally,1,1,brushed stainless,Traditional,Standard ,3,
108,Alran Goat Leather Watch Strap - Black,Goat Leather,2,Double tour,1,1,brushed stainless,Traditional,Standard ,3,
84,Alran Goat Leather Watch Strap - Black,Goat Leather,2,Traditional,1,1,brushed stainless,Deployant,Standard ,3,
76,Ostrich Leg Leather Watch Strap - Dark Brown,Ostrich leg,3,Traditional,1,1,brushed stainless,Traditional,Standard ,3,
84,Ostrich Leg Leather Watch Strap - Dark Brown,Ostrich leg,3,Traditional,1,1,brushed stainless,Traditional,Double Side Stitching,3,
108,Ostrich Leg Leather Watch Strap - Dark Brown,Ostrich leg,3,Pilot,1,1,brushed stainless,Traditional,Standard ,3,
108,Ostrich Leg Leather Watch Strap - Dark Brown,Ostrich leg,3,Bund,1,1,brushed stainless,Traditional,Standard ,3,
84,Ostrich Leg Leather Watch Strap - Dark Brown,Ostrich leg,3,Rally,1,1,brushed stainless,Traditional,Standard ,3,
108,Ostrich Leg Leather Watch Strap - Dark Brown,Ostrich leg,3,Double tour,1,1,brushed stainless,Traditional,Standard ,3,
84,Ostrich Leg Leather Watch Strap - Dark Brown,Ostrich leg,3,Traditional,1,1,brushed stainless,Deployant,Standard ,3,
83,Lizard Leather Watch Strap - Red,Lizard,3,Traditional,1,1,brushed stainless,Traditional,Standard ,3,
91,Lizard Leather Watch Strap - Red,Lizard,3,Traditional,1,1,brushed stainless,Traditional,Double Side Stitching,3,
115,Lizard Leather Watch Strap - Red,Lizard,3,Pilot,1,1,brushed stainless,Traditional,Standard ,3,
115,Lizard Leather Watch Strap - Red,Lizard,3,Bund,1,1,brushed stainless,Traditional,Standard ,3,
91,Lizard Leather Watch Strap - Red,Lizard,3,Rally,1,1,brushed stainless,Traditional,Standard ,3,
115,Lizard Leather Watch Strap - Red,Lizard,3,Double tour,1,1,brushed stainless,Traditional,Standard ,3,
91,Lizard Leather Watch Strap - Red,Lizard,3,Traditional,1,1,brushed stainless,Deployant,Standard ,3,
68,Dollaro Leather Watch Strap - Whisky,Dollaro Leather,2,Traditional,1,1,brushed stainless,Traditional,Standard ,3,
76,Dollaro Leather Watch Strap - Whisky,Dollaro Leather,2,Traditional,1,1,brushed stainless,Traditional,Double Side Stitching,3,
100,Dollaro Leather Watch Strap - Whisky,Dollaro Leather,2,Pilot,1,1,brushed stainless,Traditional,Standard ,3,
100,Dollaro Leather Watch Strap - Whisky,Dollaro Leather,2,Bund,1,1,brushed stainless,Traditional,Standard ,3,
76,Dollaro Leather Watch Strap - Whisky,Dollaro Leather,2,Rally,1,1,brushed stainless,Traditional,Standard ,3,
100,Dollaro Leather Watch Strap - Whisky,Dollaro Leather,2,Double tour,1,1,brushed stainless,Traditional,Standard ,3,
76,Dollaro Leather Watch Strap - Whisky,Dollaro Leather,2,Traditional,1,1,brushed stainless,Deployant,Standard ,3,
98,Shell Cordovan Leather Watch Strap - CognacShell Cordovan Leather Watch Strap - Cognac,Shell Cordovan,3,Traditional,1,1,brushed stainless,Traditional,Standard ,3,
106,Shell Cordovan Leather Watch Strap - CognacShell Cordovan Leather Watch Strap - Cognac,Shell Cordovan,3,Traditional,1,1,brushed stainless,Traditional,Double Side Stitching,3,
130,Shell Cordovan Leather Watch Strap - CognacShell Cordovan Leather Watch Strap - Cognac,Shell Cordovan,3,Pilot,1,1,brushed stainless,Traditional,Standard ,3,
130,Shell Cordovan Leather Watch Strap - CognacShell Cordovan Leather Watch Strap - Cognac,Shell Cordovan,3,Bund,1,1,brushed stainless,Traditional,Standard ,3,
106,Shell Cordovan Leather Watch Strap - CognacShell Cordovan Leather Watch Strap - Cognac,Shell Cordovan,3,Rally,1,1,brushed stainless,Traditional,Standard ,3,
130,Shell Cordovan Leather Watch Strap - CognacShell Cordovan Leather Watch Strap - Cognac,Shell Cordovan,3,Double tour,1,1,brushed stainless,Traditional,Standard ,3,
106,Shell Cordovan Leather Watch Strap - Cognac,Shell Cordovan,3,Traditional,1,1,brushed stainless,Deployant,Standard ,3,
68,Suede Leather Watch Strap - Dark Gray,Suede Leather,2,Traditional,1,1,brushed stainless,Traditional,Standard ,3,
76,Suede Leather Watch Strap - Dark Gray,Suede Leather,2,Traditional,1,1,brushed stainless,Traditional,Double Side Stitching,3,
100,Suede Leather Watch Strap - Dark Gray,Suede Leather,2,Pilot,1,1,brushed stainless,Traditional,Standard ,3,
100,Suede Leather Watch Strap - Dark Gray,Suede Leather,2,Bund,1,1,brushed stainless,Traditional,Standard ,3,
76,Suede Leather Watch Strap - Dark Gray,Suede Leather,2,Rally,1,1,brushed stainless,Traditional,Standard ,3,
100,Suede Leather Watch Strap - Dark Gray,Suede Leather,2,Double tour,1,1,brushed stainless,Traditional,Standard ,3,
76,Suede Leather Watch Strap - Dark Gray,Suede Leather,2,Traditional,1,1,brushed stainless,Deployant,Standard ,3,
68,Samsung Galaxy Watch Straps - Swift Leather,Swift,2,Traditional,1,1,brushed stainless,Traditional,Standard ,3,
76,Samsung Galaxy Watch Straps - Swift Leather,Swift,2,Traditional,1,1,brushed stainless,Deployant,Standard ,3,
68,Buttero Leather Watch Strap - Green,Buttero Leather,2,Traditional,1,1,brushed stainless,Traditional,Standard ,3,
76,Buttero Leather Watch Strap - Green,Buttero Leather,2,Traditional,1,1,brushed stainless,Deployant,Standard ,3,
68,Maya Leather Watch Strap - T Moro,Maya Leather,2,Traditional,1,1,brushed stainless,Traditional,Standard ,3,
76,Maya Leather Watch Strap - T Moro,Maya Leather,2,Traditional,1,1,brushed stainless,Deployant,Standard ,3,
113,Hamilton Ventura XXL Custom Strap,Epsom Calfskin,2,Custom,1,1,brushed stainless,Traditional,Standard ,3,
113,Hamilton Ventura XXL Custom Strap,Minerva Box,2,Custom,1,1,brushed stainless,Traditional,Standard ,3,
129,Hamilton Ventura XXL Custom Strap,Lizard,3,Custom,1,1,brushed stainless,Traditional,Standard ,3,
129,Hamilton Ventura XXL Custom Strap,Sharkskin,3,Custom,1,1,brushed stainless,Traditional,Standard ,3,
145,Hamilton Ventura XXL Custom Strap,Crocodile,3,Custom,1,1,brushed stainless,Traditional,Standard ,3,
121,Hamilton Ventura XXL Custom Strap,Barenia,2,Custom,1,1,brushed stainless,Traditional,Standard ,3,
113,Hamilton Ventura XXL Custom Strap,Butterro,2,Custom,1,1,brushed stainless,Traditional,Standard ,3,
113,Hamilton Ventura XXL Custom Strap,Alran,2,Custom,1,1,brushed stainless,Traditional,Standard ,3,
113,Hamilton Ventura XXL Custom Strap,Swift,2,Custom,1,1,brushed stainless,Traditional,Standard ,3,
90,Nubuck Crocodile Leather Watch Strap - Navy,Crocodile,3,Traditional,1,1,brushed stainless,Traditional,Standard ,3,
98,Nubuck Crocodile Leather Watch Strap - Navy,Crocodile,3,Traditional,1,1,brushed stainless,Traditional,Standard ,3,
98,Snake Skin Watch Strap - Copper,Snake Skin,3,Traditional,1,1,brushed stainless,Traditional,Standard ,3,
106,Snake Skin Watch Strap - Copper,Snake Skin,3,Traditional,1,1,brushed stainless,Traditional,Double Side Stitching,3,
130,Snake Skin Watch Strap - Copper,Snake Skin,3,Pilot,1,1,brushed stainless,Traditional,Standard ,3,
130,Snake Skin Watch Strap - Copper,Snake Skin,3,Bund,1,1,brushed stainless,Traditional,Standard ,3,
106,Snake Skin Watch Strap - Copper,Snake Skin,3,Rally,1,1,brushed stainless,Traditional,Standard ,3,
130,Snake Skin Watch Strap - Copper,Snake Skin,3,Double tour,1,1,brushed stainless,Traditional,Standard ,3,
106,Snake Skin Watch Strap - Copper,Snake Skin,3,Traditional,1,1,brushed stainless,Deployant,Standard ,3,
151,The Great Wave - Engraved Leather Watch Straps,Engraved Leather,2,Traditional,1,1,brushed stainless,Traditional,Standard ,3,
159,The Great Wave - Engraved Leather Watch Straps,Engraved Leather,2,Traditional,1,1,brushed stainless,Deployant,Standard ,3,
68,Swift Leather Watch Strap - Orange/White,Swift,2,Traditional,1,1,brushed stainless,Traditional,Standard ,3,
76,Swift Leather Watch Strap - Orange/White,Swift,2,Traditional,1,1,brushed stainless,Traditional,Double Side Stitching,3,
100,Swift Leather Watch Strap - Orange/White,Swift,2,Pilot,1,1,brushed stainless,Traditional,Standard ,3,
100,Swift Leather Watch Strap - Orange/White,Swift,2,Bund,1,1,brushed stainless,Traditional,Standard ,3,
76,Swift Leather Watch Strap - Orange/White,Swift,2,Rally,1,1,brushed stainless,Traditional,Standard ,3,
100,Swift Leather Watch Strap - Orange/White,Swift,2,Double tour,1,1,brushed stainless,Traditional,Standard ,3,
76,Swift Leather Watch Strap - Orange/White,Swift,2,Traditional,1,1,brushed stainless,Deployant,Standard ,3,
68,Epsom Leather Watch Strap - Black,Epsom Calfskin,2,Traditional,1,1,brushed stainless,Traditional,Standard ,3,
76,Epsom Leather Watch Strap - Black,Epsom Calfskin,2,Traditional,1,1,brushed stainless,Traditional,Double Side Stitching,3,
100,Epsom Leather Watch Strap - Black,Epsom Calfskin,2,Pilot,1,1,brushed stainless,Traditional,Standard ,3,
100,Epsom Leather Watch Strap - Black,Epsom Calfskin,2,Bund,1,1,brushed stainless,Traditional,Standard ,3,
76,Epsom Leather Watch Strap - Black,Epsom Calfskin,2,Rally,1,1,brushed stainless,Traditional,Standard ,3,
100,Epsom Leather Watch Strap - Black,Epsom Calfskin,2,Double tour,1,1,brushed stainless,Traditional,Standard ,3,
76,Epsom Leather Watch Strap - Black,Epsom Calfskin,2,Traditional,1,1,brushed stainless,Deployant,Standard ,3,
76,Karung Snake Skin Watch Strap - Navy,Snake Skin,3,Traditional,1,1,brushed stainless,Traditional,Standard ,3,
84,Karung Snake Skin Watch Strap - Navy,Snake Skin,3,Traditional,1,1,brushed stainless,Traditional,Double Side Stitching,3,
108,Karung Snake Skin Watch Strap - Navy,Snake Skin,3,Pilot,1,1,brushed stainless,Traditional,Standard ,3,
108,Karung Snake Skin Watch Strap - Navy,Snake Skin,3,Bund,1,1,brushed stainless,Traditional,Standard ,3,
84,Karung Snake Skin Watch Strap - Navy,Snake Skin,3,Rally,1,1,brushed stainless,Traditional,Standard ,3,
108,Karung Snake Skin Watch Strap - Navy,Snake Skin,3,Double tour,1,1,brushed stainless,Traditional,Standard ,3,
84,Karung Snake Skin Watch Strap - Navy,Snake Skin,3,Traditional,1,1,brushed stainless,Deployant,Standard ,3,
91,Tissot PRX Leather Strap,Epsom Calfskin,2,Custom,1,1,brushed stainless,Traditional,Standard ,3,
91,Tissot PRX Leather Strap,Minerva Box,2,Custom,1,1,brushed stainless,Traditional,Standard ,3,
107,Tissot PRX Leather Strap,Lizard,3,Custom,1,1,brushed stainless,Traditional,Standard ,3,
107,Tissot PRX Leather Strap,Shark skin,3,Custom,1,1,brushed stainless,Traditional,Standard ,3,
123,Tissot PRX Leather Strap,Crocodile,3,Custom,1,1,brushed stainless,Traditional,Standard ,3,
99,Tissot PRX Leather Strap,Barenia,2,Custom,1,1,brushed stainless,Traditional,Standard ,3,
91,Tissot PRX Leather Strap,Butterro,2,Custom,1,1,brushed stainless,Traditional,Standard ,3,
91,Tissot PRX Leather Strap,Alran,2,Custom,1,1,brushed stainless,Traditional,Standard ,3,
91,Tissot PRX Leather Strap,Swift,2,Custom,1,1,brushed stainless,Traditional,Standard ,3,
83,Custom Racing/ Rally Straps,Epsom Calfskin,2,Rally,1,1,brushed stainless,Traditional,Standard ,3,
83,Custom Racing/ Rally Straps,Minerva Box,2,Rally,1,1,brushed stainless,Traditional,Standard ,3,
99,Custom Racing/ Rally Straps,Lizard,3,Rally,1,1,brushed stainless,Traditional,Standard ,3,
99,Custom Racing/ Rally Straps,Sharkskin,3,Rally,1,1,brushed stainless,Traditional,Standard ,3,
115,Custom Racing/ Rally Straps,Crocodile,3,Rally,1,1,brushed stainless,Traditional,Standard ,3,
91,Custom Racing/ Rally Straps,Barenia,2,Rally,1,1,brushed stainless,Traditional,Standard ,3,
83,Custom Racing/ Rally Straps,Butterro,2,Rally,1,1,brushed stainless,Traditional,Standard ,3,
83,Custom Racing/ Rally Straps,Alran,2,Rally,1,1,brushed stainless,Traditional,Standard ,3,
83,Custom Racing/ Rally Straps,Swift,2,Rally,1,1,brushed stainless,Traditional,Standard ,3,
98,Custom Pilot Watch Straps,Epsom Calfskin,2,Pilot,1,1,brushed stainless,Traditional,Standard ,3,
98,Custom Pilot Watch Straps,Minerva Box,2,Pilot,1,1,brushed stainless,Traditional,Standard ,3,
114,Custom Pilot Watch Straps,Lizard,3,Pilot,1,1,brushed stainless,Traditional,Standard ,3,
114,Custom Pilot Watch Straps,Sharkskin,3,Pilot,1,1,brushed stainless,Traditional,Standard ,3,
130,Custom Pilot Watch Straps,Crocodile,3,Pilot,1,1,brushed stainless,Traditional,Standard ,3,
106,Custom Pilot Watch Straps,Barenia,2,Pilot,1,1,brushed stainless,Traditional,Standard ,3,
98,Custom Pilot Watch Straps,Butterro,2,Pilot,1,1,brushed stainless,Traditional,Standard ,3,
98,Custom Pilot Watch Straps,Alran,2,Pilot,1,1,brushed stainless,Traditional,Standard ,3,
98,Custom Pilot Watch Straps,Swift,2,Pilot,1,1,brushed stainless,Traditional,Standard ,3,
88.0,Omega Seamaster Leather Strap,Crocodile,3,Traditional,1,1,brushed stainless,Traditional,Standard ,3,
123.7,Bespoke Leather Watch Strap,Crocodile,3,Traditional,1,1,brushed stainless,Traditional,Standard ,3,
109.1,Bespoke Leather Watch Strap,Lizard,3,Traditional,1,1,brushed stainless,Traditional,Standard ,3,
109.1,Bespoke Leather Watch Strap,Ostrich ,3,Traditional,1,1,brushed stainless,Traditional,Standard ,3,
109.1,Bespoke Leather Watch Strap,Snake Skin,3,Traditional,1,1,brushed stainless,Traditional,Standard ,3,
109.1,Bespoke Leather Watch Strap,Stingray,3,Traditional,1,1,brushed stainless,Traditional,Standard ,3,
109.1,Bespoke Leather Watch Strap,Shell Cordovan,3,Traditional,1,1,brushed stainless,Traditional,Standard ,3,
109.1,Bespoke Leather Watch Strap,Shark Skin,3,Traditional,1,1,brushed stainless,Traditional,Standard ,3,
101.9,Bespoke Leather Watch Strap,Black Diamond,2,Traditional,1,1,brushed stainless,Traditional,Standard ,3,
68.4,Bespoke Leather Watch Strap,Suede Leather,2,Traditional,1,1,brushed stainless,Traditional,Standard ,3,
68.4,Bespoke Leather Watch Strap,Swift,2,Traditional,1,1,brushed stainless,Traditional,Standard ,3,
68.4,Bespoke Leather Watch Strap,Badalassi Wax,2,Traditional,1,1,brushed stainless,Traditional,Standard ,3,
68.4,Bespoke Leather Watch Strap,Saffiano,2,Traditional,1,1,brushed stainless,Traditional,Standard ,3,
68.4,Bespoke Leather Watch Strap,Epsom Calfskin,2,Traditional,1,1,brushed stainless,Traditional,Standard ,3,
75.7,Bespoke Leather Watch Strap,Epsom Calfskin,2,Traditional,1,1,brushed stainless,Traditional,Double Side Stitching,3,
72.0,Bespoke Leather Watch Strap,Epsom Calfskin,2,Traditional,1,1,brushed stainless,Traditional,Box Stitching,3,
134.6,Bespoke Leather Watch Strap,Crocodile,3,Curved End,1,1,brushed stainless,Traditional,Standard ,3,
120.1,Bespoke Leather Watch Strap,Lizard,3,Curved End,1,1,brushed stainless,Traditional,Standard ,3,
120.1,Bespoke Leather Watch Strap,Ostrich ,3,Curved End,1,1,brushed stainless,Traditional,Standard ,3,
120.1,Bespoke Leather Watch Strap,Snake Skin,3,Curved End,1,1,brushed stainless,Traditional,Standard ,3,
120.1,Bespoke Leather Watch Strap,Stingray,3,Curved End,1,1,brushed stainless,Traditional,Standard ,3,
120.1,Bespoke Leather Watch Strap,Shark Skin,3,Curved End,1,1,brushed stainless,Traditional,Standard ,3,
112.8,Bespoke Leather Watch Strap,Black Diamond,2,Curved End,1,1,brushed stainless,Traditional,Standard ,3,
79.3,Bespoke Leather Watch Strap,Suede Leather,2,Curved End,1,1,brushed stainless,Traditional,Standard ,3,
79.3,Bespoke Leather Watch Strap,Swift,2,Curved End,1,1,brushed stainless,Traditional,Standard ,3,
79.3,Bespoke Leather Watch Strap,Badalassi Wax,2,Curved End,1,1,brushed stainless,Traditional,Standard ,3,
79.3,Bespoke Leather Watch Strap,Saffiano,2,Curved End,1,1,brushed stainless,Traditional,Standard ,3,
79.3,Bespoke Leather Watch Strap,Epsom Calfskin,2,Curved End,1,1,brushed stainless,Traditional,Standard ,3,
86.6,Bespoke Leather Watch Strap,Epsom Calfskin,2,Curved End,1,1,brushed stainless,Traditional,Double Side Stitching,3,
83.0,Bespoke Leather Watch Strap,Epsom Calfskin,2,Curved End,1,1,brushed stainless,Traditional,Box Stitching,3,
123.7,Bespoke Leather Watch Strap,Crocodile,3,Single Folding,1,1,brushed stainless,Traditional,Standard ,3,
109.1,Bespoke Leather Watch Strap,Lizard,3,Single Folding,1,1,brushed stainless,Traditional,Standard ,3,
109.1,Bespoke Leather Watch Strap,Ostrich ,3,Single Folding,1,1,brushed stainless,Traditional,Standard ,3,
109.1,Bespoke Leather Watch Strap,Snake Skin,3,Single Folding,1,1,brushed stainless,Traditional,Standard ,3,
109.1,Bespoke Leather Watch Strap,Stingray,3,Single Folding,1,1,brushed stainless,Traditional,Standard ,3,
109.1,Bespoke Leather Watch Strap,Shell Cordovan,3,Single Folding,1,1,brushed stainless,Traditional,Standard ,3,
109.1,Bespoke Leather Watch Strap,Shark Skin,3,Single Folding,1,1,brushed stainless,Traditional,Standard ,3,
101.9,Bespoke Leather Watch Strap,Black Diamond,2,Single Folding,1,1,brushed stainless,Traditional,Standard ,3,
68.4,Bespoke Leather Watch Strap,Suede Leather,2,Single Folding,1,1,brushed stainless,Traditional,Standard ,3,
68.4,Bespoke Leather Watch Strap,Swift,2,Single Folding,1,1,brushed stainless,Traditional,Standard ,3,
68.4,Bespoke Leather Watch Strap,Badalassi Wax,2,Single Folding,1,1,brushed stainless,Traditional,Standard ,3,
68.4,Bespoke Leather Watch Strap,Saffiano,2,Single Folding,1,1,brushed stainless,Traditional,Standard ,3,
68.4,Bespoke Leather Watch Strap,Epsom Calfskin,2,Single Folding,1,1,brushed stainless,Traditional,Standard ,3,
75.7,Bespoke Leather Watch Strap,Epsom Calfskin,2,Single Folding,1,1,brushed stainless,Traditional,Double Side Stitching,3,
72.0,Bespoke Leather Watch Strap,Epsom Calfskin,2,Single Folding,1,1,brushed stainless,Traditional,Box Stitching,3,
141.9,Bespoke Leather Watch Strap,Crocodile,3,Fixed Bar,1,1,brushed stainless,Traditional,Standard ,3,
127.3,Bespoke Leather Watch Strap,Lizard,3,Fixed Bar,1,1,brushed stainless,Traditional,Standard ,3,
127.3,Bespoke Leather Watch Strap,Ostrich ,3,Fixed Bar,1,1,brushed stainless,Traditional,Standard ,3,
127.3,Bespoke Leather Watch Strap,Snake Skin,3,Fixed Bar,1,1,brushed stainless,Traditional,Standard ,3,
127.3,Bespoke Leather Watch Strap,Stingray,3,Fixed Bar,1,1,brushed stainless,Traditional,Standard ,3,
127.3,Bespoke Leather Watch Strap,Shell Cordovan,3,Fixed Bar,1,1,brushed stainless,Traditional,Standard ,3,
127.3,Bespoke Leather Watch Strap,Shark Skin,3,Fixed Bar,1,1,brushed stainless,Traditional,Standard ,3,
120.1,Bespoke Leather Watch Strap,Black Diamond,2,Fixed Bar,1,1,brushed stainless,Traditional,Standard ,3,
86.6,Bespoke Leather Watch Strap,Suede Leather,2,Fixed Bar,1,1,brushed stainless,Traditional,Standard ,3,
86.6,Bespoke Leather Watch Strap,Swift,2,Fixed Bar,1,1,brushed stainless,Traditional,Standard ,3,
86.6,Bespoke Leather Watch Strap,Badalassi Wax,2,Fixed Bar,1,1,brushed stainless,Traditional,Standard ,3,
86.6,Bespoke Leather Watch Strap,Saffiano,2,Fixed Bar,1,1,brushed stainless,Traditional,Standard ,3,
86.6,Bespoke Leather Watch Strap,Epsom Calfskin,2,Fixed Bar,1,1,brushed stainless,Traditional,Standard ,3,
86.6,Bespoke Leather Watch Strap,Epsom Calfskin,2,Fixed Bar,1,1,brushed stainless,Traditional,Standard ,3,
196.5,Bespoke Leather Watch Strap,Crocodile,3,Nato,1,1,brushed stainless,Traditional,Standard ,3,
181.9,Bespoke Leather Watch Strap,Lizard,3,Nato,1,1,brushed stainless,Traditional,Standard ,3,
181.9,Bespoke Leather Watch Strap,Ostrich ,3,Nato,1,1,brushed stainless,Traditional,Standard ,3,
181.9,Bespoke Leather Watch Strap,Snake Skin,3,Nato,1,1,brushed stainless,Traditional,Standard ,3,
181.9,Bespoke Leather Watch Strap,Stingray,3,Nato,1,1,brushed stainless,Traditional,Standard ,3,
181.9,Bespoke Leather Watch Strap,Shell Cordovan,3,Nato,1,1,brushed stainless,Traditional,Standard ,3,
181.9,Bespoke Leather Watch Strap,Shark Skin,3,Nato,1,1,brushed stainless,Traditional,Standard ,3,
174.6,Bespoke Leather Watch Strap,Black Diamond,2,Nato,1,1,brushed stainless,Traditional,Standard ,3,
112.1,Bespoke Leather Watch Strap,Suede Leather,2,Nato,1,1,brushed stainless,Traditional,Standard ,3,
112.1,Bespoke Leather Watch Strap,Swift,2,Nato,1,1,brushed stainless,Traditional,Standard ,3,
112.1,Bespoke Leather Watch Strap,Badalassi Wax,2,Nato,1,1,brushed stainless,Traditional,Standard ,3,
112.1,Bespoke Leather Watch Strap,Saffiano,2,Nato,1,1,brushed stainless,Traditional,Standard ,3,
112.1,Bespoke Leather Watch Strap,Epsom Calfskin,2,Nato,1,1,brushed stainless,Traditional,Standard ,3,
134.6,Bespoke Leather Watch Strap,Crocodile,3,Pilot,1,1,brushed stainless,Traditional,Standard ,3,
120.1,Bespoke Leather Watch Strap,Lizard,3,Pilot,1,1,brushed stainless,Traditional,Standard ,3,
120.1,Bespoke Leather Watch Strap,Ostrich ,3,Pilot,1,1,brushed stainless,Traditional,Standard ,3,
120.1,Bespoke Leather Watch Strap,Snake Skin,3,Pilot,1,1,brushed stainless,Traditional,Standard ,3,
120.1,Bespoke Leather Watch Strap,Stingray,3,Pilot,1,1,brushed stainless,Traditional,Standard ,3,
120.1,Bespoke Leather Watch Strap,Shell Cordovan,3,Pilot,1,1,brushed stainless,Traditional,Standard ,3,
120.1,Bespoke Leather Watch Strap,Shark Skin,3,Pilot,1,1,brushed stainless,Traditional,Standard ,3,
112.8,Bespoke Leather Watch Strap,Black Diamond,2,Pilot,1,1,brushed stainless,Traditional,Standard ,3,
79.3,Bespoke Leather Watch Strap,Suede Leather,2,Pilot,1,1,brushed stainless,Traditional,Standard ,3,
79.3,Bespoke Leather Watch Strap,Swift,2,Pilot,1,1,brushed stainless,Traditional,Standard ,3,
79.3,Bespoke Leather Watch Strap,Badalassi Wax,2,Pilot,1,1,brushed stainless,Traditional,Standard ,3,
79.3,Bespoke Leather Watch Strap,Saffiano,2,Pilot,1,1,brushed stainless,Traditional,Standard ,3,
79.3,Bespoke Leather Watch Strap,Epsom Calfskin,2,Pilot,1,1,brushed stainless,Traditional,Standard ,3,
86.6,Bespoke Leather Watch Strap,Epsom Calfskin,2,Pilot,1,1,brushed stainless,Traditional,Double Side Stitching,3,
83.0,Bespoke Leather Watch Strap,Epsom Calfskin,2,Pilot,1,1,brushed stainless,Traditional,Box Stitching,3,
123.7,Bespoke Leather Watch Strap,Crocodile,3,Rally,1,1,brushed stainless,Traditional,Standard ,3,
109.1,Bespoke Leather Watch Strap,Lizard,3,Rally,1,1,brushed stainless,Traditional,Standard ,3,
109.1,Bespoke Leather Watch Strap,Ostrich ,3,Rally,1,1,brushed stainless,Traditional,Standard ,3,
109.1,Bespoke Leather Watch Strap,Snake Skin,3,Rally,1,1,brushed stainless,Traditional,Standard ,3,
109.1,Bespoke Leather Watch Strap,Stingray,3,Rally,1,1,brushed stainless,Traditional,Standard ,3,
109.1,Bespoke Leather Watch Strap,Shell Cordovan,3,Rally,1,1,brushed stainless,Traditional,Standard ,3,
109.1,Bespoke Leather Watch Strap,Shark Skin,3,Rally,1,1,brushed stainless,Traditional,Standard ,3,
101.9,Bespoke Leather Watch Strap,Black Diamond,2,Rally,1,1,brushed stainless,Traditional,Standard ,3,
68.4,Bespoke Leather Watch Strap,Suede Leather,2,Rally,1,1,brushed stainless,Traditional,Standard ,3,
68.4,Bespoke Leather Watch Strap,Swift,2,Rally,1,1,brushed stainless,Traditional,Standard ,3,
68.4,Bespoke Leather Watch Strap,Badalassi Wax,2,Rally,1,1,brushed stainless,Traditional,Standard ,3,
68.4,Bespoke Leather Watch Strap,Saffiano,2,Rally,1,1,brushed stainless,Traditional,Standard ,3,
68.4,Bespoke Leather Watch Strap,Epsom Calfskin,2,Rally,1,1,brushed stainless,Traditional,Standard ,3,
75.7,Bespoke Leather Watch Strap,Epsom Calfskin,2,Rally,1,1,brushed stainless,Traditional,Double Side Stitching,3,
72.0,Bespoke Leather Watch Strap,Epsom Calfskin,2,Rally,1,1,brushed stainless,Traditional,Box Stitching,3,
196.5,Bespoke Leather Watch Strap,Crocodile,3,Double tour,1,1,brushed stainless,Traditional,Standard ,3,
181.9,Bespoke Leather Watch Strap,Lizard,3,Double tour,1,1,brushed stainless,Traditional,Standard ,3,
181.9,Bespoke Leather Watch Strap,Ostrich ,3,Double tour,1,1,brushed stainless,Traditional,Standard ,3,
181.9,Bespoke Leather Watch Strap,Snake Skin,3,Double tour,1,1,brushed stainless,Traditional,Standard ,3,
181.9,Bespoke Leather Watch Strap,Stingray,3,Double tour,1,1,brushed stainless,Traditional,Standard ,3,
181.9,Bespoke Leather Watch Strap,Shell Cordovan,3,Double tour,1,1,brushed stainless,Traditional,Standard ,3,
181.9,Bespoke Leather Watch Strap,Shark Skin,3,Double tour,1,1,brushed stainless,Traditional,Standard ,3,
174.6,Bespoke Leather Watch Strap,Black Diamond,2,Double tour,1,1,brushed stainless,Traditional,Standard ,3,
112.1,Bespoke Leather Watch Strap,Suede Leather,2,Double tour,1,1,brushed stainless,Traditional,Standard ,3,
112.1,Bespoke Leather Watch Strap,Swift,2,Double tour,1,1,brushed stainless,Traditional,Standard ,3,
112.1,Bespoke Leather Watch Strap,Badalassi Wax,2,Double tour,1,1,brushed stainless,Traditional,Standard ,3,
112.1,Bespoke Leather Watch Strap,Saffiano,2,Double tour,1,1,brushed stainless,Traditional,Standard ,3,
112.1,Bespoke Leather Watch Strap,Epsom Calfskin,2,Double tour,1,1,brushed stainless,Traditional,Standard ,3,
119.3,Bespoke Leather Watch Strap,Epsom Calfskin,2,Double tour,1,1,brushed stainless,Traditional,Double Side Stitching,3,
115.7,Bespoke Leather Watch Strap,Epsom Calfskin,2,Double tour,1,1,brushed stainless,Traditional,Standard ,3,
335,Classic 3.5 AS watch strap blue vintage alligator,Alligator,3,Vintage,1,1,brushed stainless,Traditional,Standard ,3,
145,Classic 3.5 AS watch strap printed taupe calf,Calf,1,Traditional,1,1,brushed stainless,Traditional,Standard ,3,
130,Classic 3.5 watch strap carmine calf,Calf,1,Traditional,1,1,brushed stainless,Traditional,Standard ,3,
145,Classic 3.5 watch strap velvet Alcantara,Alcantara,2,Traditional,1,1,brushed stainless,Traditional,Standard ,3,
300,Classic Flat watch strap alsa shiny alligator,Alligator,3,Traditional,1,1,brushed stainless,Traditional,Standard ,3,
210,Non-leather watch strap sky blue textured rubber,Rubber,2,Traditional,1,1,brushed stainless,Traditional,Standard ,3,
190,Classic 3.5 watch strap dark green ostrich,Ostrich ,3,Traditional,1,1,brushed stainless,Traditional,Standard ,3,
130,Classic 3.5 watch strap pink calf,leather,1,Traditional,1,1,brushed stainless,Traditional,Standard ,3,
190,Classic 3.5 watch strap emerald-green shiny lizard,Lizard,3,Traditional,1,1,brushed stainless,Traditional,Standard ,3,
320,Chic watch strap metallic pink Lumières crocodile,Crocodile,3,Traditional,1,1,brushed stainless,Traditional,Standard ,3,
130,Watch strap green goat classic 3.5,Goat leather,2,Traditional,1,1,brushed stainless,Traditional,Standard ,3,
190,Watch strap Salmon 3.5 Yellow,Salmon,2,Traditional,1,1,brushed stainless,Traditional,Standard ,3,
210,Atlantis watch strap black textured rubber,Rubber,2,Traditional,1,1,brushed stainless,Traditional,Standard ,3,
130,Non-leather watch strap brown pineapple,Pineapple,2,Traditional,1,1,brushed stainless,Traditional,Standard ,3,
190,Compass watch strap black technical fabric – blue stitching,Technical Fabric,1,Traditional,1,1,brushed stainless,Traditional,Standard ,3,
300,Classic 3.5 watch strap blue and pink gold sturgeon,Sturgeon,2,Traditional,1,1,brushed stainless,Traditional,Standard ,3,
190,Nato watch strap light brown Alcantara,Alcantara,2,Nato,1,1,brushed stainless,Traditional,Standard ,3,
435,Nato watch strap navy blue nubuck alligator,Alligator,3,Nato,1,1,brushed stainless,Traditional,Standard ,3,
190,Nato watch strap black veg tan calf,Calf,1,Nato,1,1,brushed stainless,Traditional,Standard ,3,
190,Nato watch strap grey technical fabric,Technical Fabric,1,Nato,1,1,brushed stainless,Traditional,Standard ,3,
70,Stone Grey Suede Leather,Suede,2,Traditional,1,1,brushed stainless,Traditional,Minimal Stitching,2,
80,Stone Grey Suede Leather,Suede,2,Traditional,1,1,Premium Steel,Traditional,Minimal Stitching,2,
75,Warm Grey Suede Leather,Suede,2,Traditional,1,1,brushed stainless,Traditional,Standard ,2,
85,Warm Grey Suede Leather,Suede,2,Traditional,1,1,Premium Steel,Traditional,Standard ,2,
75,Taupe Togo Leather,Togo leather,2,Traditional,1,1,brushed stainless,Traditional,Standard ,2,
85,Taupe Togo Leather,Togo leather,2,Traditional,1,1,Premium Steel,Traditional,Standard ,2,
75,Taupe Ostrich Grain Leather,Embossed Ostrich,1,Traditional,1,1,brushed stainless,Traditional,Standard ,2,
85,Taupe Ostrich Grain Leather,Embossed Ostrich,1,Traditional,1,1,Premium Steel,Traditional,Standard ,2,
75,Sunset Beige Nubuck Leather,Nubuck Leather ,2,Traditional,1,1,brushed stainless,Traditional,Standard ,2,
85,Sunset Beige Nubuck Leather,Nubuck Leather ,2,Traditional,1,1,Premium Steel,Traditional,Standard ,2,
75,Yellow Saffiano Leather,Saffiano Leather,2,Traditional,1,1,brushed stainless,Traditional,Standard ,2,
85,Yellow Saffiano Leather,Saffiano Leather,2,Traditional,1,1,Premium Steel,Traditional,Standard ,2,
75,Burgundy Pebbled Leather,Pebbled Leather,2,Traditional,1,1,brushed stainless,Traditional,Standard ,2,
85,Burgundy Pebbled Leather,Pebbled Leather,2,Traditional,1,1,Premium Steel,Traditional,Standard ,2,
75,Pueblo Leather,Pueblo Leather,2,Traditional,1,1,brushed stainless,Traditional,Box Stitching,2,
85,Pueblo Leather,Pueblo Leather,2,Traditional,1,1,Premium Steel,Traditional,Box Stitching,2,
80,Burgundy Pebbled Leather for Apple Watch,Pebbled Leather,2,Traditional,1,1,brushed stainless,Traditional,Box Stitching,2,
80,Sunset Beige Nubuck Leather for Apple Watch,Nubuck Leather ,2,Traditional,1,1,brushed stainless,Traditional,Box Stitching,2,
80,Brown Suede Leather for Apple Watch,Suede,2,Traditional,1,1,brushed stainless,Traditional,Box Stitching,2,
45,Black Sailcloth,Sailcloth,2,Traditional,1,1,brushed stainless,Traditional,Standard ,2,
80,Black Suede Leather for Apple Watch,suede,2,Traditional,1,1,brushed stainless,Traditional,Standard ,2,
119,Custom Watch Strap,Alcantara,2,Traditional,1,0,brushed stainless,Traditional,Standard ,3,
142,Custom Watch Strap,Alcantara,2,Traditional,1,1,brushed stainless,Traditional,Standard ,3,
194,Custom Watch Strap,Alligator,3,Traditional,1,0,brushed stainless,Traditional,Standard ,3,
217,Custom Watch Strap,Alligator,3,Traditional,1,1,brushed stainless,Traditional,Standard ,3,
119,Custom Watch Strap,Buttero,2,Traditional,1,0,brushed stainless,Traditional,Standard ,3,
142,Custom Watch Strap,Buttero,2,Traditional,1,1,brushed stainless,Traditional,Standard ,3,
119,Custom Watch Strap,Epsom Calfskin,2,Traditional,1,0,brushed stainless,Traditional,Standard ,3,
142,Custom Watch Strap,Epsom Calfskin,2,Traditional,1,1,brushed stainless,Traditional,Standard ,3,
162,Custom Watch Strap,Ostrich,3,Traditional,1,0,brushed stainless,Traditional,Standard ,3,
186,Custom Watch Strap,Ostrich,3,Traditional,1,1,brushed stainless,Traditional,Standard ,3,
162,Custom Watch Strap,Shell Cordovan,3,Traditional,1,0,brushed stainless,Traditional,Standard ,3,
186,Custom Watch Strap,Shell Cordovan,3,Traditional,1,1,brushed stainless,Traditional,Standard ,3,
194,Custom Watch Strap,Stingray,3,Traditional,1,0,brushed stainless,Traditional,Standard ,3,
217,Custom Watch Strap,Stingray,3,Traditional,1,1,brushed stainless,Traditional,Standard ,3,
227.1,Lizard Watch Straps,Lizard,3,Traditional,1,1,Aluminium,Traditional,Standard ,3,
256.2,Lizard Watch Straps,Lizard,3,Traditional,1,1,Aluminium,Deployant,Standard ,3,
378.4,Alligator Watch Straps,Alligator,3,Traditional,1,1,Aluminium,Traditional,Standard ,3,
407.5,Alligator Watch Straps,Alligator,3,Traditional,1,1,Aluminium,Deployant,Standard ,3,
192.1,Rally Calf & Goat Watch Straps,Calf,1,Rally,1,1,Aluminium,Traditional,Standard ,3,
221.2,Rally Calf & Goat Watch Straps,Calf,1,Rally,1,1,Aluminium,Deployant,Standard ,3,
168.8,Calf & Goat Without Stitching Watch Straps,Calf,1,Traditional,1,1,Aluminium,Traditional,Standard ,3,
197.9,Calf & Goat Without Stitching Watch Straps,Calf,1,Traditional,1,1,Aluminium,Deployant,Standard ,3,
180.5,Calf & Goat Classic Watch Straps,Calf,1,Traditional,1,1,Aluminium,Traditional,Standard ,3,
209.6,Calf & Goat Classic Watch Straps,Calf,1,Traditional,1,1,Aluminium,Deployant,Standard ,3,
180.5,Calf & Goat Minimal Stitching Watch Straps,Calf,1,Traditional,1,1,Aluminium,Traditional,Minimal Stitching,3,
209.6,Calf & Goat Minimal Stitching Watch Straps,Calf,1,Traditional,1,1,Aluminium,Deployant,Minimal Stitching,3,
262.0,Shell Cordovan Watch Straps,Shell Cordovan,3,Traditional,1,1,Aluminium,Deployant,Standard ,3,
273.6,Shell Cordovan Watch Straps,Shell Cordovan,3,Rally,1,1,Aluminium,Traditional,Standard ,3,
291.1,Shell Cordovan Watch Straps,Shell Cordovan,3,Traditional,1,1,Aluminium,Deployant,Standard ,3,
227.1,Ostrich Leg Classic Watch Straps,Ostrich leg,3,Traditional,1,1,Aluminium,Traditional,Standard ,3,
256.2,Ostrich Leg Classic Watch Straps,Ostrich leg,3,Traditional,1,1,Aluminium,Deployant,Standard ,3,
186.3,ally Calf & Goat Omega-Style Deployant Straps,Calf,1,Rally,1,1,Aluminium,Deployant,Standard ,3,
174.7,Calf & Goat Omega-Style Deployant Watch Straps,Calf,1,Traditional,1,1,Aluminium,Deployant,Standard ,3,
221.2,Lizard Omega-Style Deployant Straps,Lizard,3,Traditional,1,1,Aluminium,Deployant,Standard ,3,
372.6,Alligator Omega-Style Deployant Watch Strap,Alligator,3,Traditional,1,1,Aluminium,Deployant,Standard ,3,
256.2,Shell Cordovan Omega-Style Deployant Straps,Shell Cordovan,3,Traditional,1,1,Aluminium,Deployant,Standard ,3,
105,Leaf,Vegan Leather,1,Traditional,0,1,Steel,Traditional,Standard ,2,
105,Lynyrd,Antelope leather,2,Traditional,0,0,Steel,Traditional,Standard ,2,
105,Rose,Vegan Leather,1,Traditional,0,0,Steel,Traditional,Standard ,2,
84.95,Ascot,Calf,1,Traditional,0,0,Steel,Traditional,Standard ,2,
105,Bagnore,Calf,1,Traditional,1,0,Steel,Traditional,Minimal Stitching,2,
105,Bologna,Italian Calf,1,Traditional,1,0,Steel,Traditional,Standard ,2,
33.95,Boston,Calf,1,Traditional,0,0,Steel,Traditional,Standard ,2,
54.95,Camelgrain,Calf,1,Traditional,0,0,Steel,Traditional,Standard ,2,
39.95,Duke,Italian Calf,1,Traditional,0,0,Steel,Traditional,Standard ,2,
84.95,George,Calf,1,Traditional,0,0,Steel,Traditional,Standard ,2,
105,Giffone,Calf,1,Traditional,1,0,Steel,Traditional,Standard ,2,
84.95,James,Calf,1,Sport,0,0,Steel,Traditional,Standard ,2,
105,Lucca,Calf,1,Traditional,1,0,Steel,Traditional,Standard ,2,
44.95,Liberty,Calf,1,Traditional,0,0,Steel,Traditional,Standard ,2,
54.95,Modena,Embossed aligator,1,Traditional,0,0,Steel,Traditional,Standard ,2,
54.95,Merino,Sheepskin,1,Traditional,0,0,Steel,Traditional,Standard ,2,
64.95,Mariner,Calf,1,Traditional,0,0,Steel,Traditional,Standard ,2,
28.95,Scandic,Italian Calf,1,Traditional,0,0,Steel,Traditional,Standard ,2,
20.95,Toronto,Calf,1,Traditional,0,0,Steel,Traditional,Standard ,2,
22.95,Vocem,Nylon,1,Traditional,0,0,Steel,Traditional,Standard ,2,
74.95,Urbane,Vegan Leather,1,Traditional,0,0,Steel,Traditional,Standard ,2,
21.99,BINLUN Vintage Leather Watch Band,Calf,1,Vintage,0,0,Steel,Traditional,Standard ,2,
26.99,MUENShop Alligator Leather Watch Strap,Alligator,3,Traditional,0,0,Steel,Deployant,Standard ,2,
79,Classic Standard, Sailcloth,2,Traditional,0,1,Steel,Traditional,Standard ,2,
171,Classic Standard, Sailcloth,2,Traditional,0,1,Steel,Deployant,Standard ,2,
119,Loopless Standard, Sailcloth,2,Traditional,0,1,Steel,Traditional,Standard ,2,
206,Loopless Standard, Sailcloth,2,Traditional,0,1,Steel,Deployant,Standard ,2,
57,Grey Nylon Watch Strap,Nylon,1,Traditional,0,1,Steel,Traditional,Standard ,2,
38.39,Rubber FKM strap Black,Rubber,1,Traditional,0,0,Steel,Traditional,Standard ,2,
68.24,Rubber FKM strap Black,Rubber,1,Traditional,0,0,Premium Steel,Traditional,Standard ,2,
25.59,Rubber FKM strap Black,Rubber,1,Traditional,0,0,Steel,Traditional,Standard ,2,
55.45,Rubber FKM strap Black,Rubber,1,Traditional,0,0,Premium Steel,Traditional,Standard ,2,
42.65,Stitched strap Lion,Calf ,1,Traditional,0,0,Steel,Traditional,Standard ,2,
72.51,Stitched strap Lion,Calf ,1,Traditional,0,0,Premium Steel,Traditional,Standard ,2,
42.65,Seaqual® strap Black,polyester,1,Traditional,0,0,Steel,Traditional,Standard ,2,
72.51,Seaqual® strap Black,polyester,1,Traditional,0,0,Premium Steel,Traditional,Standard ,2,
35.99,Calfskin premium watch strap,leather,1,Traditional,0,0,brushed stainless,Deployant,Standard ,2,
79,Cowhide leather watchstrap,Badalassi Wax,2,Traditional,0,0,brushed stainless,Traditional,Standard ,2,
39.99,Enzo Rally racing watch strap,Pueblo leather,2,Rally,0,0,brushed stainless,Traditional,Standard ,2,
34.99,Premium brown leather,leather,1,Traditional,0,0,brushed stainless,Traditional,Standard ,2,
48,Autentico Lizard Black Watch Strap,Lizard,3,Traditional,0,1,brushed stainless,Traditional,Standard ,2,
119,Volterra Tejus Lizard Blue Watch Strap,Lizard,3,Traditional,1,1,brushed stainless,Traditional,Standard ,2,
159,Volterra Coco Alligator Brown Watch Strap,Alligator,3,Traditional,1,1,brushed stainless,Traditional,Standard ,2,
96,Autentico Crocodile Black Watch Strap,Crocodile,3,Traditional,0,1,brushed stainless,Traditional,Standard ,2,
167,Amadeus Alligator Matt Blue Watch Strap,Alligator,3,Traditional,0,1,brushed stainless,Traditional,Standard ,2,
25.99,The Paris: Light Grey Padded Suede Watch Strap,Suede,1,Traditional,1,1,brushed stainless,Traditional,Standard ,2,
33.99,The Paris: Light Grey Padded Suede Watch Strap,Suede,1,Traditional,1,1,brushed stainless,Deployant,Standard ,2,
26.99,The Capri: Light Grey Suede Watch Strap,Suede,1,Traditional,1,1,brushed stainless,Traditional,Standard ,2,
34.99,The Capri: Light Grey Suede Watch Strap,Suede,1,Traditional,1,1,brushed stainless,Deployant,Standard ,2,
27.99,The Oxford: Navy Blue Padded Calf Skin Watch Strap,Calf,1,Traditional,1,1,brushed stainless,Traditional,Standard ,2,
35.99,The Oxford: Navy Blue Padded Calf Skin Watch Strap,Calf,1,Traditional,1,1,brushed stainless,Deployant,Standard ,2,
39.99,The New York: Dove Grey Vegan Leather Watch Strap,Vegan Leather,1,Traditional,1,1,brushed stainless,Traditional,Standard ,2,
47.99,The New York: Dove Grey Vegan Leather Watch Strap,Vegan Leather,1,Traditional,1,1,brushed stainless,Deployant,Standard ,2,
26.99,The Monte Carlo: Graphite Grey Perforated Leather Rally Watch Strap,Leather,1,Rally,1,0,brushed stainless,Traditional,Standard ,2,
34.99,The Monte Carlo: Graphite Grey Perforated Leather Rally Watch Strap,Leather,1,Rally,1,0,brushed stainless,Deployant,Standard ,2,
24.99,The Bermuda: Jet Black Sail Cloth Watch Strap,Sail Cloth,2,Traditional,1,1,brushed stainless,Traditional,Standard ,2,
32.99,The Bermuda: Jet Black Sail Cloth Watch Strap,Sail Cloth,2,Traditional,1,1,brushed stainless,Deployant,Standard ,2,
61,Racing,Calf,1,Rally,0,0,Steel,Traditional,Standard ,2,
46,Carta,Vegan Leather,1,Traditional,0,0,Steel,Traditional,Standard ,2,
61,Siena,Calf,1,Traditional,0,0,Steel,Traditional,Standard ,2,
74,Parma,Sheepskin,1,Traditional,0,0,Steel,Traditional,Box Stitching,2,
46,Ecosuede Short,Vegan Leather,1,Traditional,0,0,Steel,Traditional,Standard ,2,
61,A14 Strip Strap - Limited Edition,Leather,1,Nato,0,0,Steel,Traditional,Standard ,2,
27.95,RIOS1931 HAVANA Genuine Pigskin Leather Watch Strap in BLACK,Pigskin,1,Traditional,0,0,Steel,Traditional,Standard ,2,
18.95,Quick-Release Canvas Watch Strap in BLACK,Canvas,1,Traditional,0,0,Steel,Traditional,Standard ,2,
19.95,Quick-Release Canvas Watch Strap in BLACK,Canvas,1,Traditional,0,0,Premium Steel,Traditional,Standard ,2,
52.95,RIOS1931 MARYLAND Genuine Vintage Canvas Watch Strap in MOCHA,Canvas,1,Vintage,0,0,Steel,Traditional,Box Stitching,2,
57.95,RIOS1931 MARYLAND Genuine Vintage Canvas Watch Strap in MOCHA,Canvas,1,Vintage,0,0,Premium Steel,Traditional,Box Stitching,2,
105,Hirsch SERRO Suede Watch Strap in BLACK,Suede,1,Traditional,1,0,Steel,Traditional,Standard ,2,
153,Hirsch SERRO Suede Watch Strap in BLACK,Suede,1,Traditional,1,0,Steel,Deployant,Standard ,2,
32.95,Pebro BILLY Genuine Goatskin Leather Watch Strap in SAGE GREEN,Goatskin,2,Traditional,0,0,Steel,Traditional,Standard ,2,
130,Hirsch MASSAI OSTRICH Leather Watch Strap in BLACK,Ostrich,3,Traditional,0,0,Steel,Traditional,Standard ,2,
178.5,Hirsch MASSAI OSTRICH Leather Watch Strap in BLACK,Ostrich,3,Traditional,0,0,Steel,Deployant,Standard ,2,
69.95,RIOS1931 MAISON Genuine Ostrich Leather Watch Strap in BLACK,Ostrich,3,Traditional,0,0,Steel,Traditional,Standard ,2,
159,Hirsch NAVIGATOR Shark Skin Deployment Watch Strap in BLACK,Shark Skin,3,Traditional,0,0,Steel,Traditional,Box Stitching,2,
43.95,Di-Modell SHARKSKIN Waterproof Leather Watch Strap in ROYAL BLUE,Shark Skin,3,Traditional,0,0,Steel,Traditional,Standard ,2,
24,Morellato ABETE Buffalo-Embossed Vegan Leather Watch Strap in GOLD BROWN,Vegan Leather,1,Traditional,0,0,Steel,Traditional,Standard ,2,
35,Morellato TIMO High Quality Vegan Watch Strap in TAN,Vegan Leather,1,Traditional,0,0,Steel,Traditional,Box Stitching,2,
99.5,JPM Italian Shell Cordovan Watch Strap in BLACK,Shell Cordovan,3,Traditional,1,0,Steel,Traditional,Standard ,2,
36.95,RIOS1931 MERINO Watch Strap in STONE GREY,Sheepskin,1,Traditional,0,0,Steel,Traditional,Standard ,2,
47,Morellato VIOLINO Genuine Lizard Skin Strap in RED,Lizard,3,Traditional,0,0,Steel,Traditional,Standard ,2,
79.95,RIOS1931 PRESTIGE Genuine Alligator Flank Watch Strap in MOCHA,Alligator,3,Traditional,0,0,Steel,Traditional,Standard ,2,
167,Morellato AMADEUS Genuine Alligator Watch Strap in DARK BLUE,Alligator,3,Traditional,0,0,Steel,Traditional,Standard ,2,
48,Radstock Racing Style Genuine Leather Watch Strap - Vintage Red,Leather,1,Rally,0,0,Steel,Traditional,Standard ,2,
68,Original Vintage Highley Genuine Leather Watch Strap - Reddish Brown,Leather,1,Vintage,0,0,Steel,Traditional,Standard ,2,
138,Laverton Padded Patina Calf Leather Watch Strap - Platinum,Patina Leather,2,Traditional,1,0,Steel,Traditional,Standard ,2,
138,Vintage Stitching Patina Leather Watch Strap - Platinum,Patina Leather,2,Vintage,1,0,Steel,Traditional,Standard ,2,
128,Vintage Cavallo Horse Leather Watch Strap - Chocolate Brown,Horse Leather,2,Vintage,1,0,Steel,Traditional,Standard ,2,
128,Boutsen Racing Handmade Patina Leather Watch Strap - Platinum,Patina Leather,2,Rally,1,0,Steel,Traditional,Standard ,2,
98,Rochefort Flat Patina Calf Leather Watch Strap - Chocolate Brown,Patina Leather,2,Traditional,1,0,Steel,Traditional,Standard ,2,
128,Durbuy Ostrich Leg Handmade Leather Watch Strap - Matt Grey,Ostrich leg,3,Traditional,1,0,Steel,Traditional,Standard ,2,
98,Mozet Flat Nubuck Handmade Leather Watch Strap - Grey,Nubuck,2,Traditional,1,0,Steel,Traditional,Standard ,2,
68,WatchGecko Handmade Two-Piece Canvas Watch Strap - Black,Canvas,1,Traditional,1,0,Steel,Traditional,Standard ,2,
108.25,Shiny Alligator Watch Strap,Alligator,3,Traditional,1,0,Steel,Traditional,Standard ,1,
42.39,Horween Leather Watch Strap for Men,Horween Leather,2,Vintage,1,0,Steel,Traditional,Box Stitching,1,
119,Rugged Elegance: Rustic Brown color Canvas & Italian Leather Watch Strap,Canvas,1,Traditional,1,1,Steel,Traditional,Standard ,1,
120.21,Black Alligator watch strap band,Alligator,3,Traditional,1,0,Steel,Traditional,Standard ,1,
97.85,"Stingray Watch Strap 1 Pearl In The Center, Blue Watch Strap",Stingray,3,Traditional,1,0,Steel,Traditional,Standard ,1,
49.11,Rally butero black watch strap-BUTERO-BLACK-0-Taupe-M-RLST,Butero leather,2,Rally,0,0,Steel,Traditional,Standard ,1,
92.26,Etoupe Taupe Epsom French Calfskin Handmade Strap,Epsom Calfskin,2,Traditional,0,0,Steel,Traditional,Standard ,1,
77.2,Authentic Genuine Black Alligator Leather Watch Strap,alligator,3,Traditional,0,0,Steel,Traditional,Standard ,1,
130.47,"Curved end shell cordovan watch strap, custom made in all sizes with quick release spring bars",Shell Cordovan,3,Traditional,0,1,Steel,Traditional,Standard ,1,
95.98,Vintage Olive Drab Military Canvas Watch Strap,Canvas,1,Vintage,1,0,Steel,Traditional,Standard ,1,
101.58,Black Alligator Leather Watch Strap,alligator,3,Traditional,1,0,Steel,Deployant,Standard ,1,
94.12,"Gray Alligator Leather Watch strap,",alligator,3,Traditional,1,0,Steel,Traditional,Standard ,1,
182.46,MASTER 10 - Shell Cordovan Custom Handcrafted Premium Leather Watch Strap,Shell Cordovan,3,Traditional,1,1,Steel,Traditional,Standard ,1,
65.23,Gray Ostrich Watch Strap,Ostrich,3,Traditional,1,1,Steel,Traditional,Standard ,1,
101.58,Brown Ostrich Foot Leather Watch Band ,Ostrich leg,3,Traditional,1,1,Steel,Traditional,Standard ,1,
69.89,"Handmade Leather Watch Strap, Vintage Wide Leather Cuff for Smartwatch and Analog",Leather,1,Bund,1,0,Steel,Traditional,Standard ,1,
69.89,"Handmade Leather Watch Strap, Vintage Wide Leather Cuff for Smartwatch and Analog",Leather,1,Bund,1,0,Steel,Traditional,Standard ,1,
76.42,"Handmade Leather Watch Strap, Vintage Wide Leather Cuff for Smartwatch and Analog",Leather,1,Bund,1,0,Steel,Traditional,Standard ,1,
59.6,Rally Omega tuscany Conag leather padded watch,Leather,1,Rally,0,0,Steel,Deployant,Standard ,1,
101.58,Black Alligator Leather Watch Strap,alligator,3,Traditional,1,0,Steel,Deployant,Standard ,1,
64.3,"Alligator black strap,leather watch band handmade",alligator,3,Traditional,1,0,Steel,Traditional,Standard ,1,
94.12,Black Alligator Leather Watch strap,alligator,3,Traditional,1,0,Steel,Traditional,Standard ,1,
69.89,"Brown Waxed Leather Watch Strap, Wrist Watch Leather Straps",Leather,1,Traditional,1,0,Steel,Traditional,Standard ,1,
54.05,Lizard black Leather watch strap,Lizard,3,Traditional,0,0,Steel,Traditional,Standard ,1,
130.47,"Shell Cordovan corner notched, centre notched watch strap",Shell Cordovan,3,Traditional,0,0,Steel,Traditional,Standard ,1,
69.89,"Pilot Leather Watch strap, Brown Aviator band, Handmade for IWC watch",Leather,1,Pilot,0,0,Steel,Traditional,Box Stitching,1,
64.3,"Black vachetta rally watch strap 20mm, 22mm, 24mm, 18mm",Leather,1,Traditional,1,0,Steel,Traditional,Standard ,1,
76.42,"Shinki Hikaku Shell Cordovan Watch Strap, Red Watch Strap, Handmade Watch Strap",Shell Cordovan,3,Traditional,1,0,Steel,Traditional,Standard ,1,
77.2,Genuine Lizard Leather Watch Strap,Lizard,3,Traditional,1,0,Steel,Traditional,Standard ,1,
79.86,Genuine Lizard Leather Watch Strap,Lizard,3,Traditional,1,0,Steel,Traditional,Standard ,1,
96.35,Black alligator USA Leather watch strap,alligator,3,Traditional,0,1,Steel,Traditional,Standard ,1,
125.81,"Gold Alligator Leather Watch strap, Used With Deployment Clasp",alligator,3,Traditional,1,1,Steel,Deployant,Standard ,1,
109.34,Handmade Italian Leather Nato Watch Strap ,Badalassi,2,Nato,1,0,Steel,Traditional,Standard ,1,
73.62,blue Ostrich Leg Leather Watch strap,Ostrich leg,3,Traditional,0,0,Steel,Traditional,Standard ,1,
153.76,"Patina Red Alligator Leather Watch Strap, Handmade Alligator Red Strap Bands",alligator,3,Traditional,1,1,Steel,Traditional,Standard ,1,
83.87,Navy Blue Alligator Leather Watch strap,alligator,3,Traditional,0,0,Steel,Traditional,Standard ,1,
102.51,Bund Leather Watch Strap for Citizen Bullhead,Leather,1,Bund,0,0,Steel,Traditional,Standard ,1,
69.89,Gray Ostrich leg Leather ,Ostrich leg,3,Traditional,1,1,Steel,Traditional,Standard ,1,
73.62,"Curved Watch Strap, Dark brown ostrich watch strap, custom leather watch strap",Ostrich leg,3,Traditional,1,1,Steel,Traditional,Standard ,1,
121.13,Black Shell Cordovan Leather Watch Strap,Shell Cordovan,3,Traditional,1,0,Steel,Traditional,Standard ,1,
121.13,Black Shell Cordovan Leather Watch Strap,Shell Cordovan,3,Traditional,1,0,Steel,Traditional,Standard ,1,
34.99,"Barton Quick Release - Top Grain Leather Watch Band Strap - Choice of Width - 16mm, 18mm, 19mm, 20mm, 21mm 22mm, 23mm or 24mm",Leather,1,Traditional,0,0,non-steel,Traditional,Minimal Stitching,1,
18.49,"Fullmosa Watch Straps 20mm, Axus Series Leather Strap Replacement Watch Strap with Stainless Steel Metal Clasp for Men Women 14/16/18/20/22/24mm, Brown 20mm",Leather,1,Traditional,0,0,brushed stainless,Traditional,Standard ,1,
32.99,"Barton Quick Release - Top Grain Leather Watch Band Strap - Choice of Width - 16mm, 18mm, 19mm, 20mm, 21mm 22mm, 23mm or 24mm",Leather,1,Traditional,0,0,brushed stainless,Traditional,Standard ,1,
34.95,"Benchmark Leather Watch Band - Premium Italian Full Grain Leather Watch Straps for Men and Women with Quick Release Spring Bars - Choice of Color and Width - 18mm, 20mm, 22mm",Italian Calf,2,Traditional,0,0,brushed stainless,Traditional,Standard ,1,
24.99,"Getalia Italian leather Watch Band Tuscany Natural Vegetable-Tanned Full Grain Genuine Leather,18mm 19mm 20mm 21mm 22mm 24mm Quick Release Replacement Watch Straps for Men and Women Thick and Soft",Italian Calf,2,Traditional,0,0,brushed stainless,Traditional,Standard ,1,
36.99,Gear S3 Classic Frontier Black Alligator Grain Leather Watch Band,Embossed aligator,1,Traditional,0,0,brushed stainless,Traditional,Standard ,1,
23.99,"Italian Leather Watch Band Tuscany Natural Vegetable-Tanned Top Grain Genuine Leather Strap,16mm 18mm 19mm 20mm 21mm 22mm XL XXL Quick Release Replacement Watch Bands for Men and Women Thick and Soft",Italian Calf,2,Traditional,0,0,brushed stainless,Traditional,Standard ,1,
29.99,"Fort Soft Silicone Rubber Watch Bands- Quick-Release Spring Bars- Replacement Sports & Dive Watch Straps for Men & Women-18mm, 19mm, 20mm, 21mm, 22mm",Rubber,1,Traditional,0,0,brushed stainless,Traditional,Standard ,1,
13.99,BINLUN Leather Watch Bands Quick Release Premium Calfskin Replacement Watch Strap Multicolors Watchbands for Men Women 12mm 14mm 16mm 18mm 19mm 20mm 21mm 22mm,Leather,1,Traditional,0,0,brushed stainless,Traditional,Standard ,1,
26.99,"Archer Watch Straps - Canvas Quick Release Watch Bands (Faded Olive, 20mm)",Canvas,1,Traditional,0,0,brushed stainless,Traditional,No Stitching,1,
27.99,"BARTON Canvas Quick Release Watch Band Straps - Choose Color & Width - 18mm, 19mm, 20mm, 21mm, 22mm, 23mm, or 24mm",Canvas,1,Traditional,0,0,brushed stainless,Traditional,Standard ,1,
32.99,"Barton Quick Release - Top Grain Leather Watch Band Strap - Choice of Width - 16mm, 18mm, 19mm, 20mm, 21mm 22mm, 23mm or 24mm",Leather,1,Traditional,0,0,brushed stainless,Traditional,Standard ,1,
26.99,"REZERO Quick Release Watch Band, Top Grain Leather Watch Straps, Italian Calfskin Watchbands Replacement 18mm 19mm 20mm 21mm 22mm 23mm 24mm for Men, Women",Leather,1,Vintage,0,0,brushed stainless,Traditional,No Stitching,1,
37.99,Gilden 18-28mm Gents Thick and Heavy Sport Calfskin Leather Watch Strap TS62,Leather,1,Traditional,0,0,brushed stainless,Traditional,Standard ,1,
32.99,Archer Watch Straps - Top Grain Leather Quick Release Watch Bands,Leather,1,Traditional,0,0,brushed stainless,Traditional,Standard ,1,
19.99,"Ritche Christmas Gift Quick Release Leather Watch Band Leather Watch Strap 18mm 19mm 20mm 21mm 22mm 23mm or 24mm for Men and Women, White Elephant Gifts, Stocking Stuffers For Men",Leather,1,Traditional,0,0,brushed stainless,Traditional,Standard ,1,
43.95,Leather Watch Strap - Quick Release Watch Band Replacement - Epsom Leather Watch Band for Men and Women 19mm 20mm 21mm 22mm,Epsom Calfskin,2,Traditional,0,0,brushed stainless,Traditional,Standard ,1,
32.99,"Barton Quick Release - Top Grain Leather Watch Band Strap - Choice of Width - 16mm, 18mm, 19mm, 20mm, 21mm 22mm, 23mm or 24mm",Leather,1,Traditional,0,0,brushed stainless,Traditional,Standard ,1,
22.99,"Barton Racing & Rally Horween Leather Straps with Integrated Quick Release Spring Bars - Standard Length fits Wrists 5"" to 8""-18mm, 19mm, 20mm, 21mm, 22mm, 23mm & 24mm Watch Bands - Choose Strap Color & Width",Horween Leather,2,Rally,0,0,brushed stainless,Traditional,Minimal Stitching,1,
49.99,"Barton Racing & Rally Horween Leather Straps with Integrated Quick Release Spring Bars - Standard Length fits Wrists 5"" to 8""-18mm, 19mm, 20mm, 21mm, 22mm, 23mm & 24mm Watch Bands - Choose Strap Color & Width",Horween Leather,2,Rally,0,0,brushed stainless,Traditional,Minimal Stitching,1,
34.95,"Benchmark Leather Watch Band - Premium Italian Full Grain Leather Watch Straps for Men and Women with Quick Release Spring Bars - Choice of Color and Width - 18mm, 20mm, 22mm",Italian Calf,2,Vintage,0,0,brushed stainless,Deployant,No Stitching,1,
49.99,"REZERO Watch Bands, Vintage Leather & Quick Release Calfskin Watch Straps with Deployment Clasp for Men - Light Brown Set of 2 โ€“ 20mm",Leather,1,Vintage,0,0,brushed stainless,Traditional,No Stitching,1,
21.99,"Leather Watch Bands Quick Release, Elegant Top Grain Leather Watch Straps for Men & Women, Choice of Color & Width - 18mm, 19mm, 20mm, 21mm or 22mm Wristbands Bracelet for Watch & Smartwatch",Leather,1,Traditional,0,0,brushed stainless,Traditional,Standard ,1,
23.99,"Italian Leather Watch Band Tuscany Natural Vegetable-Tanned Top Grain Genuine Leather Strap,16mm 18mm 19mm 20mm 21mm 22mm XL XXL Quick Release Replacement Watch Bands for Men and Women Thick and Soft",Italian Calf,1,Traditional,0,0,brushed stainless,Traditional,Box Stitching,1,
25.99,"hemsut h Leather Watch Bands for Men, Horween Quick Release Leather Watch Strap Vintage Watch Replacement Wrap of 18mm, 20mm, 22mm",Horween Leather,1,Vintage,0,0,brushed stainless,Traditional,No Stitching,1,
20,21mm Flat Dark Brown Leather Watch Band Quick Release Handmade Leather Strap Slim Croc Replacement Wristband for Men Stainless Steel Christmas Father's Day Gift for Dad Son Husband DH-NO-03G-21MM,Embossed aligator,1,Traditional,1,0,brushed stainless,Traditional,No Stitching,1,
40,Fossil Men's 22mm Dark Brown LiteHideโข Leather Watch Band,Leather,1,Traditional,0,0,brushed stainless,Traditional,Minimal Stitching,1,
,,,,,,,,,,,
,,,,,,,,,,,
,,,,,,,,,,,
,,,,,,,,,,,
,,,,,,,,,,,
,,,,,,,,,,,
,,,,,,,,,,,
,,,,,,,,,,,
,,,,,,,,,,,
,,,,,,,,,,,
,,,,,,,,,,,
,,,,,,,,,,,
,,,,,,,,,,,
,,,,,,,,,,,
,,,,,,,,,,,
,,,,,,,,,,,
,,,,,,,,,,,
,,,,,,,,,,,
,,,,,,,,,,,
,,,,,,,,,,,
,,,,,,,,,,,
,,,,,,,,,,,
,,,,,,,,,,,
,,,,,,,,,,,
,,,,,,,,,,,
,,,,,,,,,,,
,,,,,,,,,,,
,,,,,,,,,,,
,,,,,,,,,,,
,,,,,,,,,,,
,,,,,,,,,,,
,,,,,,,,,,,
,,,,,,,,,,,
,,,,,,,,,,,
,,,,,,,,,,,
,,,,,,,,,,,
,,,,,,,,,,,
,,,,,,,,,,,
,,,,,,,,,,,
,,,,,,,,,,,
,,,,,,,,,,,
,,,,,,,,,,,
,,,,,,,,,,,
,,,,,,,,,,,
,,,,,,,,,,,
,,,,,,,,,,,
,,,,,,,,,,,
,,,,,,,,,,,
,,,,,,,,,,,
,,,,,,,,,,,
,,,,,,,,,,,
,,,,,,,,,,,
,,,,,,,,,,,
,,,,,,,,,,,
,,,,,,,,,,,
,,,,,,,,,,,
,,,,,,,,,,,
,,,,,,,,,,,
,,,,,,,,,,,
,,,,,,,,,,,
,,,,,,,,,,,
,,,,,,,,,,,
,,,,,,,,,,,
,,,,,,,,,,,
,,,,,,,,,,,
,,,,,,,,,,,
,,,,,,,,,,,
,,,,,,,,,,,
,,,,,,,,,,,
,,,,,,,,,,,
,,,,,,,,,,,
,,,,,,,,,,,
,,,,,,,,,,,
,,,,,,,,,,,
,,,,,,,,,,,
,,,,,,,,,,,
,,,,,,,,,,,
,,,,,,,,,,,
,,,,,,,,,,,
,,,,,,,,,,,
,,,,,,,,,,,
,,,,,,,,,,,
,,,,,,,,,,,
,,,,,,,,,,,
,,,,,,,,,,,
,,,,,,,,,,,
,,,,,,,,,,,
,,,,,,,,,,,
,,,,,,,,,,,
,,,,,,,,,,,
,,,,,,,,,,,
,,,,,,,,,,,
,,,,,,,,,,,
,,,,,,,,,,,
,,,,,,,,,,,
,,,,,,,,,,,
,,,,,,,,,,,
,,,,,,,,,,,
,,,,,,,,,,,
,,,,,,,,,,,
,,,,,,,,,,,
,,,,,,,,,,,
,,,,,,,,,,,
,,,,,,,,,,,
,,,,,,,,,,,
,,,,,,,,,,,
,,,,,,,,,,,
,,,,,,,,,,,
,,,,,,,,,,,
,,,,,,,,,,,
,,,,,,,,,,,
,,,,,,,,,,,
,,,,,,,,,,,
,,,,,,,,,,,
,,,,,,,,,,,
,,,,,,,,,,,
,,,,,,,,,,,
,,,,,,,,,,,
,,,,,,,,,,,
,,,,,,,,,,,
,,,,,,,,,,,
,,,,,,,,,,,
,,,,,,,,,,,
,,,,,,,,,,,
,,,,,,,,,,,
,,,,,,,,,,,
,,,,,,,,,,,
,,,,,,,,,,,
,,,,,,,,,,,
,,,,,,,,,,,
,,,,,,,,,,,
,,,,,,,,,,,
,,,,,,,,,,,
,,,,,,,,,,,
,,,,,,,,,,,
,,,,,,,,,,,
,,,,,,,,,,,
,,,,,,,,,,,
,,,,,,,,,,,
,,,,,,,,,,,
,,,,,,,,,,,
,,,,,,,,,,,
,,,,,,,,,,,
,,,,,,,,,,,
,,,,,,,,,,,
,,,,,,,,,,,
,,,,,,,,,,,
,,,,,,,,,,,
,,,,,,,,,,,
,,,,,,,,,,,
,,,,,,,,,,,
,,,,,,,,,,,
,,,,,,,,,,,
,,,,,,,,,,,
,,,,,,,,,,,
,,,,,,,,,,,
,,,,,,,,,,,
,,,,,,,,,,,
,,,,,,,,,,,
,,,,,,,,,,,
,,,,,,,,,,,
,,,,,,,,,,,
,,,,,,,,,,,
,,,,,,,,,,,
,,,,,,,,,,,
,,,,,,,,,,,
,,,,,,,,,,,
,,,,,,,,,,,
,,,,,,,,,,,
,,,,,,,,,,,
,,,,,,,,,,,
,,,,,,,,,,,
,,,,,,,,,,,
,,,,,,,,,,,
,,,,,,,,,,,
,,,,,,,,,,,
,,,,,,,,,,,
,,,,,,,,,,,
,,,,,,,,,,,
,,,,,,,,,,,
,,,,,,,,,,,
,,,,,,,,,,,
,,,,,,,,,,,
,,,,,,,,,,,
,,,,,,,,,,,
,,,,,,,,,,,
,,,,,,,,,,,
,,,,,,,,,,,
,,,,,,,,,,,
,,,,,,,,,,,
,,,,,,,,,,,
,,,,,,,,,,,
,,,,,,,,,,,
,,,,,,,,,,,
,,,,,,,,,,,
,,,,,,,,,,,
,,,,,,,,,,,
,,,,,,,,,,,
,,,,,,,,,,,
,,,,,,,,,,,
,,,,,,,,,,,
,,,,,,,,,,,
,,,,,,,,,,,
,,,,,,,,,,,
,,,,,,,,,,,
,,,,,,,,,,,
,,,,,,,,,,,
,,,,,,,,,,,
,,,,,,,,,,,
,,,,,,,,,,,
,,,,,,,,,,,
,,,,,,,,,,,
,,,,,,,,,,,
,,,,,,,,,,,
,,,,,,,,,,,
,,,,,,,,,,,
,,,,,,,,,,,
,,,,,,,,,,,
,,,,,,,,,,,
,,,,,,,,,,,
,,,,,,,,,,,
,,,,,,,,,,,
,,,,,,,,,,,
,,,,,,,,,,,
,,,,,,,,,,,
,,,,,,,,,,,
,,,,,,,,,,,
,,,,,,,,,,,
,,,,,,,,,,,
,,,,,,,,,,,
,,,,,,,,,,,
,,,,,,,,,,,
,,,,,,,,,,,
,,,,,,,,,,,
,,,,,,,,,,,
,,,,,,,,,,,
,,,,,,,,,,,
,,,,,,,,,,,
,,,,,,,,,,,
,,,,,,,,,,,
,,,,,,,,,,,
,,,,,,,,,,,
,,,,,,,,,,,
,,,,,,,,,,,
,,,,,,,,,,,
,,,,,,,,,,,
,,,,,,,,,,,
,,,,,,,,,,,
,,,,,,,,,,,
,,,,,,,,,,,
,,,,,,,,,,,
,,,,,,,,,,,
,,,,,,,,,,,
,,,,,,,,,,,
,,,,,,,,,,,
,,,,,,,,,,,
,,,,,,,,,,,
,,,,,,,,,,,
,,,,,,,,,,,
,,,,,,,,,,,
,,,,,,,,,,,
,,,,,,,,,,,
,,,,,,,,,,,
,,,,,,,,,,,
,,,,,,,,,,,
,,,,,,,,,,,
,,,,,,,,,,,
,,,,,,,,,,,
,,,,,,,,,,,
,,,,,,,,,,,
,,,,,,,,,,,
,,,,,,,,,,,
,,,,,,,,,,,
,,,,,,,,,,,
,,,,,,,,,,,
,,,,,,,,,,,
,,,,,,,,,,,
,,,,,,,,,,,
,,,,,,,,,,,
,,,,,,,,,,,
,,,,,,,,,,,
,,,,,,,,,,,
,,,,,,,,,,,
,,,,,,,,,,,
,,,,,,,,,,,
,,,,,,,,,,,
,,,,,,,,,,,
,,,,,,,,,,,
,,,,,,,,,,,
,,,,,,,,,,,
,,,,,,,,,,,
,,,,,,,,,,,
,,,,,,,,,,,
,,,,,,,,,,,
,,,,,,,,,,,
,,,,,,,,,,,
,,,,,,,,,,,
,,,,,,,,,,,
,,,,,,,,,,,
,,,,,,,,,,,
,,,,,,,,,,,
,,,,,,,,,,,
,,,,,,,,,,,
,,,,,,,,,,,
,,,,,,,,,,,
,,,,,,,,,,,
,,,,,,,,,,,
,,,,,,,,,,,
,,,,,,,,,,,
,,,,,,,,,,,
,,,,,,,,,,,
,,,,,,,,,,,
,,,,,,,,,,,
,,,,,,,,,,,
,,,,,,,,,,,
,,,,,,,,,,,
,,,,,,,,,,,
,,,,,,,,,,,
,,,,,,,,,,,
,,,,,,,,,,,
,,,,,,,,,,,
,,,,,,,,,,,
,,,,,,,,,,,
,,,,,,,,,,,
,,,,,,,,,,,
,,,,,,,,,,,
,,,,,,,,,,,
,,,,,,,,,,,
,,,,,,,,,,,
,,,,,,,,,,,
,,,,,,,,,,,
,,,,,,,,,,,
,,,,,,,,,,,
,,,,,,,,,,,
,,,,,,,,,,,
,,,,,,,,,,,
,,,,,,,,,,,
,,,,,,,,,,,
,,,,,,,,,,,
,,,,,,,,,,,
,,,,,,,,,,,
,,,,,,,,,,,
,,,,,,,,,,,
,,,,,,,,,,,
,,,,,,,,,,,
,,,,,,,,,,,
,,,,,,,,,,,
,,,,,,,,,,,
,,,,,,,,,,,
,,,,,,,,,,,
,,,,,,,,,,,
,,,,,,,,,,,
,,,,,,,,,,,
,,,,,,,,,,,
,,,,,,,,,,,
,,,,,,,,,,,
,,,,,,,,,,,
,,,,,,,,,,,
,,,,,,,,,,,
,,,,,,,,,,,
,,,,,,,,,,,
,,,,,,,,,,,
,,,,,,,,,,,
,,,,,,,,,,,
,,,,,,,,,,,
,,,,,,,,,,,
,,,,,,,,,,,
,,,,,,,,,,,
,,,,,,,,,,,
,,,,,,,,,,,
,,,,,,,,,,,
,,,,,,,,,,,
,,,,,,,,,,,
,,,,,,,,,,,
,,,,,,,,,,,
,,,,,,,,,,,
,,,,,,,,,,,
,,,,,,,,,,,
,,,,,,,,,,,
,,,,,,,,,,,
,,,,,,,,,,,
,,,,,,,,,,,
,,,,,,,,,,,
,,,,,,,,,,,
,,,,,,,,,,,
,,,,,,,,,,,
,,,,,,,,,,,
,,,,,,,,,,,
,,,,,,,,,,,
,,,,,,,,,,,
,,,,,,,,,,,
,,,,,,,,,,,
,,,,,,,,,,,
,,,,,,,,,,,
,,,,,,,,,,,
,,,,,,,,,,,
,,,,,,,,,,,
,,,,,,,,,,,
,,,,,,,,,,,
,,,,,,,,,,,
,,,,,,,,,,,
,,,,,,,,,,,
,,,,,,,,,,,
,,,,,,,,,,,
,,,,,,,,,,,
,,,,,,,,,,,
,,,,,,,,,,,
,,,,,,,,,,,
,,,,,,,,,,,
,,,,,,,,,,,
,,,,,,,,,,,
,,,,,,,,,,,
,,,,,,,,,,,
,,,,,,,,,,,
,,,,,,,,,,,
,,,,,,,,,,,
,,,,,,,,,,,
,,,,,,,,,,,
,,,,,,,,,,,
,,,,,,,,,,,
,,,,,,,,,,,
,,,,,,,,,,,
,,,,,,,,,,,
